departement,libelle_de_commune,arrondissement,type,nombre
95,Puiseux-en-France,952,librairie_papeterie_journaux,1
94,Cachan,943,librairie_papeterie_journaux,4
77,Lagny-sur-Marne,775,librairie_papeterie_journaux,9
91,Savigny-sur-Orge,913,librairie_papeterie_journaux,8
93,Villemomble,931,librairie_papeterie_journaux,7
77,Le Mesnil-Amelot,771,librairie_papeterie_journaux,13
78,Saint-Cyr-l'École,784,librairie_papeterie_journaux,3
92,Bois-Colombes,922,librairie_papeterie_journaux,7
94,Mandres-les-Roses,941,librairie_papeterie_journaux,1
78,Coignières,782,librairie_papeterie_journaux,1
77,Collégien,775,librairie_papeterie_journaux,2
93,Neuilly-sur-Marne,932,librairie_papeterie_journaux,5
78,Louveciennes,783,librairie_papeterie_journaux,1
77,Sept-Sorts,771,librairie_papeterie_journaux,1
77,Torcy,775,librairie_papeterie_journaux,2
92,Boulogne-Billancourt,923,librairie_papeterie_journaux,35
78,Saint-Rémy-lès-Chevreuse,782,librairie_papeterie_journaux,1
77,Vaires-sur-Marne,775,librairie_papeterie_journaux,2
78,Poissy,783,librairie_papeterie_journaux,9
91,Bures-sur-Yvette,913,librairie_papeterie_journaux,2
78,Septeuil,781,librairie_papeterie_journaux,1
91,Juvisy-sur-Orge,913,librairie_papeterie_journaux,9
93,Le Blanc-Mesnil,932,librairie_papeterie_journaux,9
95,Montigny-lès-Cormeilles,951,librairie_papeterie_journaux,2
77,Mareuil-lès-Meaux,771,librairie_papeterie_journaux,2
95,Pontoise,953,librairie_papeterie_journaux,7
77,Moissy-Cramayel,772,librairie_papeterie_journaux,2
77,Montévrain,775,librairie_papeterie_journaux,2
93,Les Pavillons-sous-Bois,931,librairie_papeterie_journaux,1
91,Breuillet,911,librairie_papeterie_journaux,1
77,Fontainebleau,774,librairie_papeterie_journaux,13
75,Paris 3e Arrondissement,751,librairie_papeterie_journaux,29
94,Boissy-Saint-Léger,941,librairie_papeterie_journaux,2
77,Rozay-en-Brie,773,librairie_papeterie_journaux,2
77,Thorigny-sur-Marne,775,librairie_papeterie_journaux,2
78,Saint-Arnoult-en-Yvelines,782,librairie_papeterie_journaux,1
91,Égly,913,librairie_papeterie_journaux,1
95,Herblay,951,librairie_papeterie_journaux,4
75,Paris 1er Arrondissement,751,librairie_papeterie_journaux,82
78,Villiers-Saint-Frédéric,782,librairie_papeterie_journaux,1
78,Vélizy-Villacoublay,784,librairie_papeterie_journaux,6
93,Sevran,932,librairie_papeterie_journaux,4
91,Briis-sous-Forges,913,librairie_papeterie_journaux,2
91,Saint-Germain-lès-Corbeil,912,librairie_papeterie_journaux,1
78,Épône,781,librairie_papeterie_journaux,1
77,Fontenay-Trésigny,773,librairie_papeterie_journaux,1
77,Saint-Soupplets,771,librairie_papeterie_journaux,1
91,Quincy-sous-Sénart,912,librairie_papeterie_journaux,1
94,Charenton-le-Pont,941,librairie_papeterie_journaux,9
91,Ballancourt-sur-Essonne,912,librairie_papeterie_journaux,1
77,Saint-Thibault-des-Vignes,775,librairie_papeterie_journaux,1
78,Beynes,782,librairie_papeterie_journaux,1
77,Esbly,771,librairie_papeterie_journaux,1
92,Montrouge,921,librairie_papeterie_journaux,20
91,Méréville,911,librairie_papeterie_journaux,1
94,Villejuif,943,librairie_papeterie_journaux,7
94,L'Haÿ-les-Roses,943,librairie_papeterie_journaux,7
93,Drancy,931,librairie_papeterie_journaux,8
91,Étréchy,911,librairie_papeterie_journaux,1
77,Coutevroult,771,librairie_papeterie_journaux,1
94,Villiers-sur-Marne,942,librairie_papeterie_journaux,5
78,Rambouillet,782,librairie_papeterie_journaux,7
77,Égreville,774,librairie_papeterie_journaux,2
91,Angervilliers,911,librairie_papeterie_journaux,1
77,Juilly,771,librairie_papeterie_journaux,1
78,Orgerus,781,librairie_papeterie_journaux,1
92,Neuilly-sur-Seine,922,librairie_papeterie_journaux,27
92,Clamart,921,librairie_papeterie_journaux,9
77,Saint-Mammès,774,librairie_papeterie_journaux,1
77,Bussy-Saint-Georges,775,librairie_papeterie_journaux,6
77,Gretz-Armainvilliers,772,librairie_papeterie_journaux,2
77,Lizy-sur-Ourcq,771,librairie_papeterie_journaux,3
94,Vincennes,942,librairie_papeterie_journaux,19
77,Cesson,772,librairie_papeterie_journaux,1
77,Saint-Jean-les-Deux-Jumeaux,771,librairie_papeterie_journaux,1
77,Chaumes-en-Brie,772,librairie_papeterie_journaux,1
78,La Queue-les-Yvelines,782,librairie_papeterie_journaux,1
91,Morigny-Champigny,911,librairie_papeterie_journaux,1
95,Ézanville,952,librairie_papeterie_journaux,1
93,Aubervilliers,933,librairie_papeterie_journaux,20
95,La Frette-sur-Seine,951,librairie_papeterie_journaux,1
93,Saint-Ouen,933,librairie_papeterie_journaux,19
75,Paris 16e Arrondissement,751,librairie_papeterie_journaux,125
91,Longjumeau,913,librairie_papeterie_journaux,4
77,Souppes-sur-Loing,774,librairie_papeterie_journaux,1
91,Le Val-Saint-Germain,911,librairie_papeterie_journaux,1
78,Les Mureaux,781,librairie_papeterie_journaux,5
91,Limours,913,librairie_papeterie_journaux,1
91,Orsay,913,librairie_papeterie_journaux,3
78,Viroflay,784,librairie_papeterie_journaux,6
75,Paris 17e Arrondissement,751,librairie_papeterie_journaux,145
92,Bourg-la-Reine,921,librairie_papeterie_journaux,4
93,Le Raincy,932,librairie_papeterie_journaux,9
77,Mauregard,771,librairie_papeterie_journaux,12
92,Châtillon,921,librairie_papeterie_journaux,6
94,Arcueil,943,librairie_papeterie_journaux,2
78,Conflans-Sainte-Honorine,783,librairie_papeterie_journaux,7
95,Cergy,953,librairie_papeterie_journaux,12
77,Claye-Souilly,775,librairie_papeterie_journaux,4
78,Achères,783,librairie_papeterie_journaux,3
78,Les Clayes-sous-Bois,784,librairie_papeterie_journaux,3
93,Noisy-le-Sec,931,librairie_papeterie_journaux,4
77,Couilly-Pont-aux-Dames,771,librairie_papeterie_journaux,1
92,Sceaux,921,librairie_papeterie_journaux,10
77,Saint-Fargeau-Ponthierry,772,librairie_papeterie_journaux,3
93,Bagnolet,931,librairie_papeterie_journaux,13
78,Magnanville,781,librairie_papeterie_journaux,1
92,Rueil-Malmaison,922,librairie_papeterie_journaux,16
95,Mours,953,librairie_papeterie_journaux,1
77,Combs-la-Ville,772,librairie_papeterie_journaux,3
94,Saint-Maur-des-Fossés,941,librairie_papeterie_journaux,25
77,Courtry,775,librairie_papeterie_journaux,1
78,Saint-Germain-en-Laye,783,librairie_papeterie_journaux,21
93,Villepinte,932,librairie_papeterie_journaux,2
91,Moigny-sur-École,912,librairie_papeterie_journaux,1
75,Paris 20e Arrondissement,751,librairie_papeterie_journaux,96
78,Maurepas,782,librairie_papeterie_journaux,2
93,Dugny,931,librairie_papeterie_journaux,1
78,Montfort-l'Amaury,782,librairie_papeterie_journaux,1
95,L'Isle-Adam,953,librairie_papeterie_journaux,3
95,Magny-en-Vexin,953,librairie_papeterie_journaux,2
75,Paris 5e Arrondissement,751,librairie_papeterie_journaux,179
78,Maisons-Laffitte,783,librairie_papeterie_journaux,7
93,Gagny,932,librairie_papeterie_journaux,6
77,Coubert,772,librairie_papeterie_journaux,1
91,Lisses,912,librairie_papeterie_journaux,1
77,Lumigny-Nesles-Ormeaux,773,librairie_papeterie_journaux,1
95,Vauréal,953,librairie_papeterie_journaux,1
94,Valenton,941,librairie_papeterie_journaux,2
95,Montmagny,952,librairie_papeterie_journaux,1
77,Lésigny,772,librairie_papeterie_journaux,3
95,Cormeilles-en-Vexin,953,librairie_papeterie_journaux,1
95,Taverny,953,librairie_papeterie_journaux,5
78,Orgeval,783,librairie_papeterie_journaux,3
78,Montigny-le-Bretonneux,784,librairie_papeterie_journaux,7
78,Saint-Nom-la-Bretèche,783,librairie_papeterie_journaux,1
91,Oncy-sur-École,912,librairie_papeterie_journaux,1
77,Ozoir-la-Ferrière,775,librairie_papeterie_journaux,3
91,Corbeil-Essonnes,912,librairie_papeterie_journaux,5
75,Paris 18e Arrondissement,751,librairie_papeterie_journaux,106
95,Groslay,952,librairie_papeterie_journaux,3
95,Garges-lès-Gonesse,952,librairie_papeterie_journaux,4
91,Longpont-sur-Orge,913,librairie_papeterie_journaux,1
91,Crosne,912,librairie_papeterie_journaux,4
77,Meaux,771,librairie_papeterie_journaux,17
92,Clichy,922,librairie_papeterie_journaux,17
94,Villeneuve-Saint-Georges,941,librairie_papeterie_journaux,3
94,Le Perreux-sur-Marne,942,librairie_papeterie_journaux,4
78,Houilles,783,librairie_papeterie_journaux,5
92,Issy-les-Moulineaux,923,librairie_papeterie_journaux,13
77,La Ferté-Gaucher,773,librairie_papeterie_journaux,1
78,Carrières-sur-Seine,783,librairie_papeterie_journaux,1
95,Luzarches,952,librairie_papeterie_journaux,1
92,Malakoff,921,librairie_papeterie_journaux,10
94,Sucy-en-Brie,941,librairie_papeterie_journaux,7
75,Paris 6e Arrondissement,751,librairie_papeterie_journaux,176
77,Coulommiers,771,librairie_papeterie_journaux,8
77,Brou-sur-Chantereine,775,librairie_papeterie_journaux,2
77,Le Châtelet-en-Brie,772,librairie_papeterie_journaux,1
95,Enghien-les-Bains,952,librairie_papeterie_journaux,9
94,Saint-Maurice,941,librairie_papeterie_journaux,3
77,Noisiel,775,librairie_papeterie_journaux,3
95,Villiers-le-Sec,952,librairie_papeterie_journaux,1
77,Servon,772,librairie_papeterie_journaux,1
93,Villetaneuse,933,librairie_papeterie_journaux,1
95,Montmorency,952,librairie_papeterie_journaux,4
91,Dourdan,911,librairie_papeterie_journaux,2
95,Roissy-en-France,952,librairie_papeterie_journaux,17
78,Mantes-la-Jolie,781,librairie_papeterie_journaux,14
93,Bondy,931,librairie_papeterie_journaux,7
91,Athis-Mons,913,librairie_papeterie_journaux,6
78,Croissy-sur-Seine,783,librairie_papeterie_journaux,4
77,Jouy-le-Châtel,773,librairie_papeterie_journaux,1
95,Franconville,953,librairie_papeterie_journaux,7
91,Évry,912,librairie_papeterie_journaux,9
77,Mitry-Mory,771,librairie_papeterie_journaux,2
94,Villeneuve-le-Roi,941,librairie_papeterie_journaux,4
75,Paris 8e Arrondissement,751,librairie_papeterie_journaux,127
77,Lieusaint,772,librairie_papeterie_journaux,3
95,Parmain,953,librairie_papeterie_journaux,1
91,Morsang-sur-Orge,912,librairie_papeterie_journaux,2
91,Angerville,911,librairie_papeterie_journaux,2
93,Les Lilas,931,librairie_papeterie_journaux,4
75,Paris 14e Arrondissement,751,librairie_papeterie_journaux,104
75,Paris 11e Arrondissement,751,librairie_papeterie_journaux,137
91,Villebon-sur-Yvette,913,librairie_papeterie_journaux,3
91,Vert-le-Petit,912,librairie_papeterie_journaux,1
94,Champigny-sur-Marne,942,librairie_papeterie_journaux,10
94,Fontenay-sous-Bois,942,librairie_papeterie_journaux,10
95,Presles,953,librairie_papeterie_journaux,1
75,Paris 15e Arrondissement,751,librairie_papeterie_journaux,180
78,Houdan,781,librairie_papeterie_journaux,2
95,Soisy-sous-Montmorency,952,librairie_papeterie_journaux,6
78,Maule,781,librairie_papeterie_journaux,2
78,Bois-d'Arcy,784,librairie_papeterie_journaux,1
78,Élancourt,782,librairie_papeterie_journaux,7
77,Varennes-sur-Seine,773,librairie_papeterie_journaux,1
78,Meulan-en-Yvelines,781,librairie_papeterie_journaux,2
91,Étampes,911,librairie_papeterie_journaux,4
78,Magny-les-Hameaux,782,librairie_papeterie_journaux,1
77,Le Mée-sur-Seine,772,librairie_papeterie_journaux,4
92,La Garenne-Colombes,922,librairie_papeterie_journaux,9
93,Rosny-sous-Bois,931,librairie_papeterie_journaux,9
95,Menucourt,953,librairie_papeterie_journaux,1
93,Neuilly-Plaisance,932,librairie_papeterie_journaux,3
93,Le Pré-Saint-Gervais,931,librairie_papeterie_journaux,1
94,Créteil,941,librairie_papeterie_journaux,26
92,Levallois-Perret,922,librairie_papeterie_journaux,25
77,Nanteuil-lès-Meaux,771,librairie_papeterie_journaux,1
93,Clichy-sous-Bois,932,librairie_papeterie_journaux,1
95,Viarmes,952,librairie_papeterie_journaux,1
78,Millemont,782,librairie_papeterie_journaux,1
91,Villejust,913,librairie_papeterie_journaux,1
95,Arnouville,952,librairie_papeterie_journaux,3
77,Croissy-Beaubourg,775,librairie_papeterie_journaux,1
78,La Celle-Saint-Cloud,783,librairie_papeterie_journaux,5
77,Montereau-Fault-Yonne,773,librairie_papeterie_journaux,9
91,Palaiseau,913,librairie_papeterie_journaux,6
78,Villepreux,783,librairie_papeterie_journaux,1
95,Sarcelles,952,librairie_papeterie_journaux,8
77,Vaux-le-Pénil,772,librairie_papeterie_journaux,4
77,Chessy,775,librairie_papeterie_journaux,4
95,Villiers-le-Bel,952,librairie_papeterie_journaux,2
93,Aulnay-sous-Bois,932,librairie_papeterie_journaux,15
91,La Ville-du-Bois,913,librairie_papeterie_journaux,2
95,Pierrelaye,953,librairie_papeterie_journaux,1
77,Boissise-le-Roi,772,librairie_papeterie_journaux,1
91,Verrières-le-Buisson,913,librairie_papeterie_journaux,5
91,Draveil,912,librairie_papeterie_journaux,6
77,Rebais,773,librairie_papeterie_journaux,1
78,Bougival,783,librairie_papeterie_journaux,2
92,Villeneuve-la-Garenne,922,librairie_papeterie_journaux,2
77,Othis,771,librairie_papeterie_journaux,1
93,Coubron,932,librairie_papeterie_journaux,2
94,Fresnes,943,librairie_papeterie_journaux,4
91,Villemoisson-sur-Orge,913,librairie_papeterie_journaux,1
75,Paris 9e Arrondissement,751,librairie_papeterie_journaux,156
77,Pontault-Combault,775,librairie_papeterie_journaux,5
78,Montesson,783,librairie_papeterie_journaux,1
94,Ivry-sur-Seine,941,librairie_papeterie_journaux,12
95,Chaumontel,952,librairie_papeterie_journaux,1
77,Verneuil-l'Étang,772,librairie_papeterie_journaux,1
77,Condé-Sainte-Libiaire,771,librairie_papeterie_journaux,1
77,Moret-sur-Loing,774,librairie_papeterie_journaux,1
78,Les Essarts-le-Roi,782,librairie_papeterie_journaux,1
91,Saint-Michel-sur-Orge,913,librairie_papeterie_journaux,2
95,Domont,952,librairie_papeterie_journaux,3
92,Châtenay-Malabry,921,librairie_papeterie_journaux,4
93,Bobigny,931,librairie_papeterie_journaux,9
95,Bezons,951,librairie_papeterie_journaux,4
95,Goussainville,952,librairie_papeterie_journaux,2
77,Écuelles,774,librairie_papeterie_journaux,1
77,Varreddes,771,librairie_papeterie_journaux,1
91,Ballainvilliers,913,librairie_papeterie_journaux,2
77,Veneux-les-Sablons,774,librairie_papeterie_journaux,1
78,Sartrouville,783,librairie_papeterie_journaux,10
77,La Rochette,772,librairie_papeterie_journaux,1
95,Ermont,953,librairie_papeterie_journaux,7
95,Saint-Brice-sous-Forêt,952,librairie_papeterie_journaux,3
78,Cernay-la-Ville,782,librairie_papeterie_journaux,1
93,Noisy-le-Grand,932,librairie_papeterie_journaux,13
78,Verneuil-sur-Seine,783,librairie_papeterie_journaux,4
95,Sannois,951,librairie_papeterie_journaux,3
77,Héricy,774,librairie_papeterie_journaux,1
92,Meudon,923,librairie_papeterie_journaux,6
91,Vigneux-sur-Seine,912,librairie_papeterie_journaux,4
95,Saint-Leu-la-Forêt,953,librairie_papeterie_journaux,2
94,Saint-Mandé,942,librairie_papeterie_journaux,8
77,Émerainville,775,librairie_papeterie_journaux,2
78,Fontenay-le-Fleury,784,librairie_papeterie_journaux,2
94,Vitry-sur-Seine,941,librairie_papeterie_journaux,12
92,Colombes,922,librairie_papeterie_journaux,19
78,Chanteloup-les-Vignes,783,librairie_papeterie_journaux,1
94,Rungis,943,librairie_papeterie_journaux,1
78,Trappes,784,librairie_papeterie_journaux,9
93,Montfermeil,932,librairie_papeterie_journaux,2
77,Crécy-la-Chapelle,771,librairie_papeterie_journaux,1
77,Moussy-le-Neuf,771,librairie_papeterie_journaux,1
78,Andrésy,783,librairie_papeterie_journaux,2
78,Chatou,783,librairie_papeterie_journaux,10
77,Rubelles,772,librairie_papeterie_journaux,2
78,Triel-sur-Seine,783,librairie_papeterie_journaux,2
91,Saint-Pierre-du-Perray,912,librairie_papeterie_journaux,1
91,Villabé,912,librairie_papeterie_journaux,2
78,Vernouillet,783,librairie_papeterie_journaux,2
95,Saint-Prix,953,librairie_papeterie_journaux,1
91,Brunoy,912,librairie_papeterie_journaux,5
92,Nanterre,922,librairie_papeterie_journaux,12
77,Pomponne,775,librairie_papeterie_journaux,1
77,Tournan-en-Brie,772,librairie_papeterie_journaux,2
77,Mons-en-Montois,773,librairie_papeterie_journaux,1
78,Versailles,784,librairie_papeterie_journaux,53
77,Faremoutiers,771,librairie_papeterie_journaux,1
92,Garches,922,librairie_papeterie_journaux,2
95,Éragny,953,librairie_papeterie_journaux,2
91,Fleury-Mérogis,912,librairie_papeterie_journaux,1
77,Château-Landon,774,librairie_papeterie_journaux,1
77,La Ferté-sous-Jouarre,771,librairie_papeterie_journaux,4
78,Jouy-en-Josas,784,librairie_papeterie_journaux,2
95,Vétheuil,953,librairie_papeterie_journaux,1
77,Melun,772,librairie_papeterie_journaux,13
91,Saint-Chéron,911,librairie_papeterie_journaux,1
95,Gonesse,952,librairie_papeterie_journaux,6
92,Chaville,923,librairie_papeterie_journaux,3
93,Montreuil,931,librairie_papeterie_journaux,27
95,Beauchamp,953,librairie_papeterie_journaux,2
77,Provins,773,librairie_papeterie_journaux,7
94,Choisy-le-Roi,941,librairie_papeterie_journaux,12
78,Méré,782,librairie_papeterie_journaux,1
95,Vémars,952,librairie_papeterie_journaux,1
78,Voisins-le-Bretonneux,782,librairie_papeterie_journaux,5
94,Villecresnes,941,librairie_papeterie_journaux,3
77,Avon,774,librairie_papeterie_journaux,5
95,Osny,953,librairie_papeterie_journaux,5
78,Guyancourt,784,librairie_papeterie_journaux,5
92,Fontenay-aux-Roses,921,librairie_papeterie_journaux,5
94,La Queue-en-Brie,942,librairie_papeterie_journaux,1
93,Stains,933,librairie_papeterie_journaux,4
77,Donnemarie-Dontilly,773,librairie_papeterie_journaux,1
91,Soisy-sur-École,912,librairie_papeterie_journaux,1
92,Vaucresson,923,librairie_papeterie_journaux,1
95,Cormeilles-en-Parisis,951,librairie_papeterie_journaux,2
78,Rosny-sur-Seine,781,librairie_papeterie_journaux,1
91,Brétigny-sur-Orge,913,librairie_papeterie_journaux,5
94,Nogent-sur-Marne,942,librairie_papeterie_journaux,9
91,Boutigny-sur-Essonne,911,librairie_papeterie_journaux,1
91,Gif-sur-Yvette,913,librairie_papeterie_journaux,2
94,Bonneuil-sur-Marne,941,librairie_papeterie_journaux,3
77,Bourron-Marlotte,774,librairie_papeterie_journaux,3
92,Puteaux,922,librairie_papeterie_journaux,27
75,Paris 2e Arrondissement,751,librairie_papeterie_journaux,72
91,Igny,913,librairie_papeterie_journaux,1
77,Savigny-le-Temple,772,librairie_papeterie_journaux,4
95,Vigny,953,librairie_papeterie_journaux,1
78,Le Vésinet,783,librairie_papeterie_journaux,5
78,Mantes-la-Ville,781,librairie_papeterie_journaux,4
91,Ris-Orangis,912,librairie_papeterie_journaux,1
94,Joinville-le-Pont,942,librairie_papeterie_journaux,3
77,Pommeuse,771,librairie_papeterie_journaux,1
93,La Courneuve,933,librairie_papeterie_journaux,3
77,Nangis,773,librairie_papeterie_journaux,1
92,Sèvres,923,librairie_papeterie_journaux,3
93,Saint-Denis,933,librairie_papeterie_journaux,20
95,Saint-Witz,952,librairie_papeterie_journaux,1
91,Champlan,913,librairie_papeterie_journaux,1
93,Tremblay-en-France,932,librairie_papeterie_journaux,22
95,Auvers-sur-Oise,953,librairie_papeterie_journaux,1
95,Baillet-en-France,952,librairie_papeterie_journaux,1
77,La Chapelle-la-Reine,774,librairie_papeterie_journaux,1
94,Chevilly-Larue,943,librairie_papeterie_journaux,4
95,Eaubonne,953,librairie_papeterie_journaux,11
77,Brie-Comte-Robert,772,librairie_papeterie_journaux,4
91,Les Ulis,913,librairie_papeterie_journaux,3
93,Pierrefitte-sur-Seine,933,librairie_papeterie_journaux,1
93,Épinay-sur-Seine,933,librairie_papeterie_journaux,9
91,Montlhéry,913,librairie_papeterie_journaux,3
77,Vulaines-sur-Seine,774,librairie_papeterie_journaux,1
91,Bièvres,913,librairie_papeterie_journaux,2
77,Villeparisis,775,librairie_papeterie_journaux,4
75,Paris 7e Arrondissement,751,librairie_papeterie_journaux,92
92,Vanves,921,librairie_papeterie_journaux,8
91,Chilly-Mazarin,913,librairie_papeterie_journaux,5
77,Saint-Pierre-lès-Nemours,774,librairie_papeterie_journaux,1
91,Yerres,912,librairie_papeterie_journaux,5
77,Montry,771,librairie_papeterie_journaux,1
94,Marolles-en-Brie,941,librairie_papeterie_journaux,1
77,Magny-le-Hongre,775,librairie_papeterie_journaux,1
77,Nemours,774,librairie_papeterie_journaux,2
92,Courbevoie,922,librairie_papeterie_journaux,19
91,Sainte-Geneviève-des-Bois,913,librairie_papeterie_journaux,9
75,Paris 12e Arrondissement,751,librairie_papeterie_journaux,126
77,Vert-Saint-Denis,772,librairie_papeterie_journaux,2
77,Bray-sur-Seine,773,librairie_papeterie_journaux,1
95,Argenteuil,951,librairie_papeterie_journaux,15
78,Bonnières-sur-Seine,781,librairie_papeterie_journaux,1
75,Paris 19e Arrondissement,751,librairie_papeterie_journaux,81
94,Orly,941,librairie_papeterie_journaux,21
78,Crespières,783,librairie_papeterie_journaux,1
94,Le Kremlin-Bicêtre,943,librairie_papeterie_journaux,6
91,Viry-Châtillon,912,librairie_papeterie_journaux,5
78,L'Étang-la-Ville,783,librairie_papeterie_journaux,1
78,Aubergenville,781,librairie_papeterie_journaux,1
95,Le Plessis-Bouchard,953,librairie_papeterie_journaux,1
78,Bréval,781,librairie_papeterie_journaux,1
92,Le Plessis-Robinson,921,librairie_papeterie_journaux,3
78,Toussus-le-Noble,784,librairie_papeterie_journaux,1
91,Massy,913,librairie_papeterie_journaux,8
78,Le Port-Marly,783,librairie_papeterie_journaux,3
78,Le Chesnay,784,librairie_papeterie_journaux,8
77,Voulx,774,librairie_papeterie_journaux,1
78,Buchelay,781,librairie_papeterie_journaux,1
78,Maulette,781,librairie_papeterie_journaux,1
95,Persan,953,librairie_papeterie_journaux,2
93,Romainville,931,librairie_papeterie_journaux,4
91,Courcouronnes,912,librairie_papeterie_journaux,2
92,Ville-d'Avray,923,librairie_papeterie_journaux,1
93,Gournay-sur-Marne,932,librairie_papeterie_journaux,2
94,Chennevières-sur-Marne,942,librairie_papeterie_journaux,3
92,Suresnes,922,librairie_papeterie_journaux,15
78,Les Bréviaires,782,librairie_papeterie_journaux,1
91,Bondoufle,912,librairie_papeterie_journaux,1
91,Grigny,912,librairie_papeterie_journaux,3
94,Limeil-Brévannes,941,librairie_papeterie_journaux,1
91,Maisse,912,librairie_papeterie_journaux,3
77,Crouy-sur-Ourcq,771,librairie_papeterie_journaux,1
77,Hermé,773,librairie_papeterie_journaux,1
77,Saint-Pathus,771,librairie_papeterie_journaux,1
92,Antony,921,librairie_papeterie_journaux,10
77,Dammartin-en-Goële,771,librairie_papeterie_journaux,1
77,Montcourt-Fromonville,774,librairie_papeterie_journaux,1
77,Sainte-Colombe,773,librairie_papeterie_journaux,1
77,Roissy-en-Brie,775,librairie_papeterie_journaux,2
78,Plaisir,784,librairie_papeterie_journaux,5
94,Le Plessis-Trévise,942,librairie_papeterie_journaux,2
77,Chelles,775,librairie_papeterie_journaux,6
91,Milly-la-Forêt,912,librairie_papeterie_journaux,3
78,Le Mesnil-Saint-Denis,782,librairie_papeterie_journaux,2
77,Nandy,772,librairie_papeterie_journaux,1
78,Le Pecq,783,librairie_papeterie_journaux,1
95,Saint-Gratien,952,librairie_papeterie_journaux,3
93,Pantin,931,librairie_papeterie_journaux,7
94,Gentilly,943,librairie_papeterie_journaux,6
92,Gennevilliers,922,librairie_papeterie_journaux,4
92,Saint-Cloud,923,librairie_papeterie_journaux,11
93,Le Bourget,931,librairie_papeterie_journaux,5
92,Asnières-sur-Seine,922,librairie_papeterie_journaux,24
92,Bagneux,921,librairie_papeterie_journaux,4
77,Grisy-Suisnes,772,librairie_papeterie_journaux,1
94,Thiais,943,librairie_papeterie_journaux,6
91,Mennecy,912,librairie_papeterie_journaux,3
94,Maisons-Alfort,941,librairie_papeterie_journaux,12
95,Saint-Ouen-l'Aumône,953,librairie_papeterie_journaux,3
78,Carrières-sous-Poissy,783,librairie_papeterie_journaux,1
78,Juziers,781,librairie_papeterie_journaux,1
78,Mareil-sur-Mauldre,781,librairie_papeterie_journaux,1
91,Arpajon,913,librairie_papeterie_journaux,2
77,Dammarie-les-Lys,772,librairie_papeterie_journaux,2
94,Alfortville,941,librairie_papeterie_journaux,7
77,Bois-le-Roi,774,librairie_papeterie_journaux,1
77,Lognes,775,librairie_papeterie_journaux,2
75,Paris 4e Arrondissement,751,librairie_papeterie_journaux,74
75,Paris 13e Arrondissement,751,librairie_papeterie_journaux,87
91,Paray-Vieille-Poste,913,librairie_papeterie_journaux,3
91,Montgeron,912,librairie_papeterie_journaux,5
78,Chevreuse,782,librairie_papeterie_journaux,3
78,Marly-le-Roi,783,librairie_papeterie_journaux,5
75,Paris 10e Arrondissement,751,librairie_papeterie_journaux,114
91,Soisy-sur-Seine,912,librairie_papeterie_journaux,2
93,Livry-Gargan,932,librairie_papeterie_journaux,5
78,Le Mesnil-le-Roi,783,librairie_papeterie_journaux,1
78,Le Perray-en-Yvelines,782,librairie_papeterie_journaux,2
77,Champs-sur-Marne,775,librairie_papeterie_journaux,6
94,Bry-sur-Marne,942,librairie_papeterie_journaux,2
91,Épinay-sur-Orge,913,librairie_papeterie_journaux,4
94,Santeny,941,magasin_de_vetements,1
77,Saint-Germain-Laxis,772,magasin_de_vetements,1
94,Cachan,943,magasin_de_vetements,5
77,Lagny-sur-Marne,775,magasin_de_vetements,23
91,Savigny-sur-Orge,913,magasin_de_vetements,10
93,Villemomble,931,magasin_de_vetements,8
77,Le Mesnil-Amelot,771,magasin_de_vetements,2
78,Saint-Léger-en-Yvelines,782,magasin_de_vetements,1
91,La Ferté-Alais,911,magasin_de_vetements,3
92,Bois-Colombes,922,magasin_de_vetements,28
77,Pierre-Levée,771,magasin_de_vetements,1
94,Mandres-les-Roses,941,magasin_de_vetements,1
78,Coignières,782,magasin_de_vetements,13
77,Collégien,775,magasin_de_vetements,37
93,Neuilly-sur-Marne,932,magasin_de_vetements,11
77,Sept-Sorts,771,magasin_de_vetements,2
77,Torcy,775,magasin_de_vetements,4
92,Boulogne-Billancourt,923,magasin_de_vetements,160
78,Saint-Rémy-lès-Chevreuse,782,magasin_de_vetements,3
77,Vaires-sur-Marne,775,magasin_de_vetements,5
78,Poissy,783,magasin_de_vetements,29
78,Septeuil,781,magasin_de_vetements,2
91,Juvisy-sur-Orge,913,magasin_de_vetements,20
93,Le Blanc-Mesnil,932,magasin_de_vetements,25
95,Montigny-lès-Cormeilles,951,magasin_de_vetements,12
77,Mareuil-lès-Meaux,771,magasin_de_vetements,2
95,Pontoise,953,magasin_de_vetements,18
77,Moissy-Cramayel,772,magasin_de_vetements,2
78,Vaux-sur-Seine,781,magasin_de_vetements,1
77,Bailly-Romainvilliers,775,magasin_de_vetements,1
93,Les Pavillons-sous-Bois,931,magasin_de_vetements,26
91,Breuillet,911,magasin_de_vetements,2
77,Fontainebleau,774,magasin_de_vetements,58
75,Paris 3e Arrondissement,751,magasin_de_vetements,350
94,Boissy-Saint-Léger,941,magasin_de_vetements,4
77,Rozay-en-Brie,773,magasin_de_vetements,2
78,Saint-Arnoult-en-Yvelines,782,magasin_de_vetements,1
91,Égly,913,magasin_de_vetements,1
95,Herblay,951,magasin_de_vetements,10
95,Beaumont-sur-Oise,953,magasin_de_vetements,2
75,Paris 1er Arrondissement,751,magasin_de_vetements,608
78,Vélizy-Villacoublay,784,magasin_de_vetements,133
93,Sevran,932,magasin_de_vetements,37
91,Briis-sous-Forges,913,magasin_de_vetements,1
77,La Grande-Paroisse,773,magasin_de_vetements,1
91,Saint-Germain-lès-Corbeil,912,magasin_de_vetements,6
77,Fontenay-Trésigny,773,magasin_de_vetements,2
77,Saint-Soupplets,771,magasin_de_vetements,1
91,Quincy-sous-Sénart,912,magasin_de_vetements,6
91,Guillerval,911,magasin_de_vetements,1
94,Charenton-le-Pont,941,magasin_de_vetements,39
91,Ballancourt-sur-Essonne,912,magasin_de_vetements,6
77,Saint-Thibault-des-Vignes,775,magasin_de_vetements,3
77,Esbly,771,magasin_de_vetements,5
92,Montrouge,921,magasin_de_vetements,24
94,Villejuif,943,magasin_de_vetements,20
94,L'Haÿ-les-Roses,943,magasin_de_vetements,3
93,Drancy,931,magasin_de_vetements,40
91,Étréchy,911,magasin_de_vetements,2
94,Villiers-sur-Marne,942,magasin_de_vetements,4
78,Rambouillet,782,magasin_de_vetements,44
78,Orgerus,781,magasin_de_vetements,1
92,Neuilly-sur-Seine,922,magasin_de_vetements,131
92,Clamart,921,magasin_de_vetements,38
77,Bussy-Saint-Georges,775,magasin_de_vetements,8
77,Gretz-Armainvilliers,772,magasin_de_vetements,3
77,Lizy-sur-Ourcq,771,magasin_de_vetements,4
94,Vincennes,942,magasin_de_vetements,88
77,Cesson,772,magasin_de_vetements,17
78,La Queue-les-Yvelines,782,magasin_de_vetements,3
91,Morigny-Champigny,911,magasin_de_vetements,2
95,Ézanville,952,magasin_de_vetements,3
93,Aubervilliers,933,magasin_de_vetements,128
93,Saint-Ouen,933,magasin_de_vetements,116
75,Paris 16e Arrondissement,751,magasin_de_vetements,503
91,Longjumeau,913,magasin_de_vetements,11
77,Souppes-sur-Loing,774,magasin_de_vetements,1
91,Saint-Jean-de-Beauregard,913,magasin_de_vetements,9
78,Les Mureaux,781,magasin_de_vetements,17
91,Limours,913,magasin_de_vetements,3
91,Orsay,913,magasin_de_vetements,10
78,Viroflay,784,magasin_de_vetements,4
95,Marly-la-Ville,952,magasin_de_vetements,1
75,Paris 17e Arrondissement,751,magasin_de_vetements,468
92,Bourg-la-Reine,921,magasin_de_vetements,9
93,Le Raincy,932,magasin_de_vetements,26
77,Mauregard,771,magasin_de_vetements,3
92,Châtillon,921,magasin_de_vetements,16
94,Arcueil,943,magasin_de_vetements,46
78,Conflans-Sainte-Honorine,783,magasin_de_vetements,23
95,Cergy,953,magasin_de_vetements,71
77,Claye-Souilly,775,magasin_de_vetements,28
78,Achères,783,magasin_de_vetements,14
78,Les Clayes-sous-Bois,784,magasin_de_vetements,3
93,Noisy-le-Sec,931,magasin_de_vetements,13
77,Couilly-Pont-aux-Dames,771,magasin_de_vetements,4
92,Sceaux,921,magasin_de_vetements,24
77,Pringy,772,magasin_de_vetements,1
93,Bagnolet,931,magasin_de_vetements,19
78,Noisy-le-Roi,783,magasin_de_vetements,3
78,Magnanville,781,magasin_de_vetements,1
92,Rueil-Malmaison,922,magasin_de_vetements,60
77,Combs-la-Ville,772,magasin_de_vetements,2
94,Saint-Maur-des-Fossés,941,magasin_de_vetements,79
78,Saint-Germain-en-Laye,783,magasin_de_vetements,166
91,Tigery,912,magasin_de_vetements,1
77,Saint-Germain-Laval,773,magasin_de_vetements,1
93,Villepinte,932,magasin_de_vetements,3
95,Jouy-le-Moutier,953,magasin_de_vetements,1
75,Paris 20e Arrondissement,751,magasin_de_vetements,258
78,Maurepas,782,magasin_de_vetements,22
91,Leuville-sur-Orge,913,magasin_de_vetements,1
78,Montfort-l'Amaury,782,magasin_de_vetements,4
95,L'Isle-Adam,953,magasin_de_vetements,33
95,Magny-en-Vexin,953,magasin_de_vetements,8
77,Saint-Ouen-sur-Morin,773,magasin_de_vetements,1
91,Lardy,911,magasin_de_vetements,1
75,Paris 5e Arrondissement,751,magasin_de_vetements,134
78,Maisons-Laffitte,783,magasin_de_vetements,22
93,Gagny,932,magasin_de_vetements,15
91,Lisses,912,magasin_de_vetements,1
78,Bailly,783,magasin_de_vetements,2
95,Vauréal,953,magasin_de_vetements,6
94,Valenton,941,magasin_de_vetements,5
95,Montmagny,952,magasin_de_vetements,3
95,Courdimanche,953,magasin_de_vetements,1
77,Lésigny,772,magasin_de_vetements,3
95,Taverny,953,magasin_de_vetements,22
78,Orgeval,783,magasin_de_vetements,5
78,Montigny-le-Bretonneux,784,magasin_de_vetements,58
78,Saint-Nom-la-Bretèche,783,magasin_de_vetements,1
91,Oncy-sur-École,912,magasin_de_vetements,1
77,Ozoir-la-Ferrière,775,magasin_de_vetements,7
91,Corbeil-Essonnes,912,magasin_de_vetements,65
75,Paris 18e Arrondissement,751,magasin_de_vetements,473
95,Groslay,952,magasin_de_vetements,3
95,Garges-lès-Gonesse,952,magasin_de_vetements,23
91,Longpont-sur-Orge,913,magasin_de_vetements,2
91,Crosne,912,magasin_de_vetements,2
77,Meaux,771,magasin_de_vetements,64
92,Clichy,922,magasin_de_vetements,48
94,Villeneuve-Saint-Georges,941,magasin_de_vetements,14
94,Le Perreux-sur-Marne,942,magasin_de_vetements,10
91,Wissous,913,magasin_de_vetements,2
78,Houilles,783,magasin_de_vetements,17
92,Issy-les-Moulineaux,923,magasin_de_vetements,40
77,La Ferté-Gaucher,773,magasin_de_vetements,7
95,Luzarches,952,magasin_de_vetements,1
92,Malakoff,921,magasin_de_vetements,10
94,Sucy-en-Brie,941,magasin_de_vetements,7
75,Paris 6e Arrondissement,751,magasin_de_vetements,610
77,Coulommiers,771,magasin_de_vetements,44
95,Enghien-les-Bains,952,magasin_de_vetements,76
91,Itteville,911,magasin_de_vetements,1
94,Saint-Maurice,941,magasin_de_vetements,1
95,Bouffémont,952,magasin_de_vetements,1
77,Noisiel,775,magasin_de_vetements,3
77,Servon,772,magasin_de_vetements,1
93,Villetaneuse,933,magasin_de_vetements,12
95,Montmorency,952,magasin_de_vetements,10
95,Le Thillay,952,magasin_de_vetements,2
77,Bransles,774,magasin_de_vetements,3
91,Dourdan,911,magasin_de_vetements,10
95,Roissy-en-France,952,magasin_de_vetements,3
78,Mantes-la-Jolie,781,magasin_de_vetements,56
95,Moisselles,952,magasin_de_vetements,19
93,Bondy,931,magasin_de_vetements,14
91,Athis-Mons,913,magasin_de_vetements,10
78,Croissy-sur-Seine,783,magasin_de_vetements,1
95,Franconville,953,magasin_de_vetements,82
91,Évry,912,magasin_de_vetements,92
77,Mitry-Mory,771,magasin_de_vetements,5
78,Hardricourt,781,magasin_de_vetements,2
94,Villeneuve-le-Roi,941,magasin_de_vetements,7
75,Paris 8e Arrondissement,751,magasin_de_vetements,650
77,Lieusaint,772,magasin_de_vetements,69
95,Parmain,953,magasin_de_vetements,1
91,Morsang-sur-Orge,912,magasin_de_vetements,4
91,Angerville,911,magasin_de_vetements,1
93,Les Lilas,931,magasin_de_vetements,31
75,Paris 14e Arrondissement,751,magasin_de_vetements,251
75,Paris 11e Arrondissement,751,magasin_de_vetements,380
78,Neauphle-le-Château,782,magasin_de_vetements,3
91,Villebon-sur-Yvette,913,magasin_de_vetements,13
94,Champigny-sur-Marne,942,magasin_de_vetements,30
94,Fontenay-sous-Bois,942,magasin_de_vetements,28
75,Paris 15e Arrondissement,751,magasin_de_vetements,352
77,Serris,775,magasin_de_vetements,123
78,Houdan,781,magasin_de_vetements,2
95,Soisy-sous-Montmorency,952,magasin_de_vetements,7
78,Maule,781,magasin_de_vetements,6
78,Bois-d'Arcy,784,magasin_de_vetements,5
78,Élancourt,782,magasin_de_vetements,3
77,Varennes-sur-Seine,773,magasin_de_vetements,13
78,Meulan-en-Yvelines,781,magasin_de_vetements,9
91,Étampes,911,magasin_de_vetements,19
78,Magny-les-Hameaux,782,magasin_de_vetements,2
77,Le Mée-sur-Seine,772,magasin_de_vetements,7
78,Nézel,781,magasin_de_vetements,1
92,La Garenne-Colombes,922,magasin_de_vetements,19
93,Rosny-sous-Bois,931,magasin_de_vetements,98
77,Villiers-en-Bière,772,magasin_de_vetements,28
95,Menucourt,953,magasin_de_vetements,1
93,Neuilly-Plaisance,932,magasin_de_vetements,9
93,Le Pré-Saint-Gervais,931,magasin_de_vetements,7
93,Vaujours,932,magasin_de_vetements,2
94,Créteil,941,magasin_de_vetements,105
92,Levallois-Perret,922,magasin_de_vetements,94
77,Nanteuil-lès-Meaux,771,magasin_de_vetements,5
93,Clichy-sous-Bois,932,magasin_de_vetements,18
95,Viarmes,952,magasin_de_vetements,1
78,Bazainville,781,magasin_de_vetements,1
95,Arnouville,952,magasin_de_vetements,11
77,Croissy-Beaubourg,775,magasin_de_vetements,3
78,La Celle-Saint-Cloud,783,magasin_de_vetements,8
77,Montereau-Fault-Yonne,773,magasin_de_vetements,16
78,Chambourcy,783,magasin_de_vetements,18
91,Palaiseau,913,magasin_de_vetements,13
95,Sarcelles,952,magasin_de_vetements,52
77,Montigny-sur-Loing,774,magasin_de_vetements,2
95,Villiers-le-Bel,952,magasin_de_vetements,6
93,Aulnay-sous-Bois,932,magasin_de_vetements,120
91,La Ville-du-Bois,913,magasin_de_vetements,27
95,Pierrelaye,953,magasin_de_vetements,2
91,Verrières-le-Buisson,913,magasin_de_vetements,5
91,Draveil,912,magasin_de_vetements,10
78,Bougival,783,magasin_de_vetements,6
92,Villeneuve-la-Garenne,922,magasin_de_vetements,9
77,Othis,771,magasin_de_vetements,2
94,Fresnes,943,magasin_de_vetements,15
75,Paris 9e Arrondissement,751,magasin_de_vetements,449
77,Pontault-Combault,775,magasin_de_vetements,37
78,Flins-sur-Seine,781,magasin_de_vetements,31
78,Montesson,783,magasin_de_vetements,25
94,Ivry-sur-Seine,941,magasin_de_vetements,35
77,Conches-sur-Gondoire,775,magasin_de_vetements,1
77,Verneuil-l'Étang,772,magasin_de_vetements,1
77,Moret-sur-Loing,774,magasin_de_vetements,3
77,Courpalay,773,magasin_de_vetements,2
91,Saint-Michel-sur-Orge,913,magasin_de_vetements,6
95,Domont,952,magasin_de_vetements,4
91,Boussy-Saint-Antoine,912,magasin_de_vetements,5
92,Châtenay-Malabry,921,magasin_de_vetements,3
93,Bobigny,931,magasin_de_vetements,28
77,Villenoy,771,magasin_de_vetements,1
95,Bezons,951,magasin_de_vetements,5
77,Rampillon,773,magasin_de_vetements,1
95,Goussainville,952,magasin_de_vetements,11
91,Ballainvilliers,913,magasin_de_vetements,1
78,Sartrouville,783,magasin_de_vetements,24
95,Ermont,953,magasin_de_vetements,19
95,Saint-Brice-sous-Forêt,952,magasin_de_vetements,23
93,Noisy-le-Grand,932,magasin_de_vetements,73
78,Verneuil-sur-Seine,783,magasin_de_vetements,4
95,Sannois,951,magasin_de_vetements,15
77,Héricy,774,magasin_de_vetements,1
92,Meudon,923,magasin_de_vetements,12
91,Vigneux-sur-Seine,912,magasin_de_vetements,9
91,Varennes-Jarcy,912,magasin_de_vetements,1
77,Dampmart,775,magasin_de_vetements,1
77,Gouaix,773,magasin_de_vetements,1
95,Saint-Leu-la-Forêt,953,magasin_de_vetements,5
94,Saint-Mandé,942,magasin_de_vetements,20
77,Émerainville,775,magasin_de_vetements,2
95,Mériel,953,magasin_de_vetements,1
78,Fontenay-le-Fleury,784,magasin_de_vetements,2
94,Vitry-sur-Seine,941,magasin_de_vetements,20
92,Colombes,922,magasin_de_vetements,42
78,Chanteloup-les-Vignes,783,magasin_de_vetements,1
94,Rungis,943,magasin_de_vetements,3
91,Baulne,911,magasin_de_vetements,1
78,Trappes,784,magasin_de_vetements,7
93,Montfermeil,932,magasin_de_vetements,3
77,Crécy-la-Chapelle,771,magasin_de_vetements,2
95,Villiers-Adam,953,magasin_de_vetements,1
78,Andrésy,783,magasin_de_vetements,1
78,Chatou,783,magasin_de_vetements,5
77,Rubelles,772,magasin_de_vetements,1
77,Chanteloup-en-Brie,775,magasin_de_vetements,7
78,Triel-sur-Seine,783,magasin_de_vetements,2
91,Saint-Pierre-du-Perray,912,magasin_de_vetements,2
91,Villabé,912,magasin_de_vetements,17
78,Vernouillet,783,magasin_de_vetements,4
95,Saint-Prix,953,magasin_de_vetements,1
91,Brunoy,912,magasin_de_vetements,7
92,Nanterre,922,magasin_de_vetements,27
77,Tournan-en-Brie,772,magasin_de_vetements,4
95,Boissy-l'Aillerie,953,magasin_de_vetements,2
78,Versailles,784,magasin_de_vetements,116
91,Morangis,913,magasin_de_vetements,3
92,Garches,922,magasin_de_vetements,6
95,Éragny,953,magasin_de_vetements,6
91,Fleury-Mérogis,912,magasin_de_vetements,2
77,Château-Landon,774,magasin_de_vetements,1
78,Maurecourt,783,magasin_de_vetements,1
77,La Ferté-sous-Jouarre,771,magasin_de_vetements,11
78,Jouy-en-Josas,784,magasin_de_vetements,3
77,Melun,772,magasin_de_vetements,57
91,Saint-Chéron,911,magasin_de_vetements,1
91,Ormoy,912,magasin_de_vetements,1
95,Gonesse,952,magasin_de_vetements,71
92,Chaville,923,magasin_de_vetements,4
93,Montreuil,931,magasin_de_vetements,69
95,Beauchamp,953,magasin_de_vetements,2
95,Nesles-la-Vallée,953,magasin_de_vetements,2
77,Chevry-Cossigny,772,magasin_de_vetements,2
77,Provins,773,magasin_de_vetements,25
94,Choisy-le-Roi,941,magasin_de_vetements,23
78,Voisins-le-Bretonneux,782,magasin_de_vetements,4
91,Épinay-sous-Sénart,912,magasin_de_vetements,3
94,Villecresnes,941,magasin_de_vetements,1
77,Avon,774,magasin_de_vetements,1
95,Osny,953,magasin_de_vetements,18
78,Ecquevilly,781,magasin_de_vetements,1
78,Guyancourt,784,magasin_de_vetements,1
92,Fontenay-aux-Roses,921,magasin_de_vetements,3
94,La Queue-en-Brie,942,magasin_de_vetements,2
91,Janville-sur-Juine,911,magasin_de_vetements,1
77,Trilport,771,magasin_de_vetements,2
93,Stains,933,magasin_de_vetements,12
92,Vaucresson,923,magasin_de_vetements,3
95,Cormeilles-en-Parisis,951,magasin_de_vetements,8
91,Brétigny-sur-Orge,913,magasin_de_vetements,29
94,Nogent-sur-Marne,942,magasin_de_vetements,45
78,Freneuse,781,magasin_de_vetements,1
78,Jouars-Pontchartrain,782,magasin_de_vetements,1
91,Gif-sur-Yvette,913,magasin_de_vetements,5
94,Bonneuil-sur-Marne,941,magasin_de_vetements,13
92,Puteaux,922,magasin_de_vetements,116
75,Paris 2e Arrondissement,751,magasin_de_vetements,469
91,Igny,913,magasin_de_vetements,1
77,Champagne-sur-Seine,774,magasin_de_vetements,2
77,Guermantes,775,magasin_de_vetements,1
77,Savigny-le-Temple,772,magasin_de_vetements,8
95,Vigny,953,magasin_de_vetements,1
78,Le Vésinet,783,magasin_de_vetements,20
78,Mantes-la-Ville,781,magasin_de_vetements,1
91,Ris-Orangis,912,magasin_de_vetements,8
94,Joinville-le-Pont,942,magasin_de_vetements,8
93,La Courneuve,933,magasin_de_vetements,29
77,Nangis,773,magasin_de_vetements,4
92,Sèvres,923,magasin_de_vetements,15
93,Saint-Denis,933,magasin_de_vetements,136
91,Champlan,913,magasin_de_vetements,1
93,Tremblay-en-France,932,magasin_de_vetements,8
95,Auvers-sur-Oise,953,magasin_de_vetements,1
77,La Chapelle-la-Reine,774,magasin_de_vetements,1
77,Armentières-en-Brie,771,magasin_de_vetements,1
95,Eaubonne,953,magasin_de_vetements,13
77,Grandpuits-Bailly-Carrois,772,magasin_de_vetements,1
77,Brie-Comte-Robert,772,magasin_de_vetements,18
91,Les Ulis,913,magasin_de_vetements,29
93,Pierrefitte-sur-Seine,933,magasin_de_vetements,8
93,Épinay-sur-Seine,933,magasin_de_vetements,20
91,Montlhéry,913,magasin_de_vetements,3
77,Vulaines-sur-Seine,774,magasin_de_vetements,2
91,Bièvres,913,magasin_de_vetements,1
77,Villeparisis,775,magasin_de_vetements,18
75,Paris 7e Arrondissement,751,magasin_de_vetements,253
92,Vanves,921,magasin_de_vetements,5
91,Chilly-Mazarin,913,magasin_de_vetements,8
78,Thoiry,782,magasin_de_vetements,1
91,Yerres,912,magasin_de_vetements,4
77,Magny-le-Hongre,775,magasin_de_vetements,1
77,Nemours,774,magasin_de_vetements,16
92,Courbevoie,922,magasin_de_vetements,57
91,Sainte-Geneviève-des-Bois,913,magasin_de_vetements,48
75,Paris 12e Arrondissement,751,magasin_de_vetements,189
95,Deuil-la-Barre,952,magasin_de_vetements,8
95,Écouen,952,magasin_de_vetements,1
77,Vert-Saint-Denis,772,magasin_de_vetements,2
77,Bray-sur-Seine,773,magasin_de_vetements,2
78,Villennes-sur-Seine,783,magasin_de_vetements,2
95,Argenteuil,951,magasin_de_vetements,61
78,Bonnières-sur-Seine,781,magasin_de_vetements,4
75,Paris 19e Arrondissement,751,magasin_de_vetements,193
78,Limay,781,magasin_de_vetements,6
94,Orly,941,magasin_de_vetements,7
78,Crespières,783,magasin_de_vetements,1
94,Le Kremlin-Bicêtre,943,magasin_de_vetements,42
93,L'Île-Saint-Denis,933,magasin_de_vetements,59
91,Viry-Châtillon,912,magasin_de_vetements,11
78,L'Étang-la-Ville,783,magasin_de_vetements,1
78,Aubergenville,781,magasin_de_vetements,8
95,Seugy,952,magasin_de_vetements,1
95,Louvres,952,magasin_de_vetements,4
92,Le Plessis-Robinson,921,magasin_de_vetements,5
91,Massy,913,magasin_de_vetements,40
78,Le Chesnay,784,magasin_de_vetements,98
78,Buchelay,781,magasin_de_vetements,13
78,Maulette,781,magasin_de_vetements,1
95,Persan,953,magasin_de_vetements,2
93,Romainville,931,magasin_de_vetements,10
91,Courcouronnes,912,magasin_de_vetements,2
77,Everly,773,magasin_de_vetements,1
92,Ville-d'Avray,923,magasin_de_vetements,4
93,Gournay-sur-Marne,932,magasin_de_vetements,1
94,Chennevières-sur-Marne,942,magasin_de_vetements,19
92,Suresnes,922,magasin_de_vetements,33
94,Ormesson-sur-Marne,942,magasin_de_vetements,16
78,Les Bréviaires,782,magasin_de_vetements,1
91,Bondoufle,912,magasin_de_vetements,26
91,Grigny,912,magasin_de_vetements,10
94,Limeil-Brévannes,941,magasin_de_vetements,1
77,Saint-Pathus,771,magasin_de_vetements,1
92,Antony,921,magasin_de_vetements,32
77,Dammartin-en-Goële,771,magasin_de_vetements,2
77,Jouarre,771,magasin_de_vetements,1
77,Roissy-en-Brie,775,magasin_de_vetements,3
78,Plaisir,784,magasin_de_vetements,39
94,Le Plessis-Trévise,942,magasin_de_vetements,6
95,Frouville,953,magasin_de_vetements,1
77,Chelles,775,magasin_de_vetements,33
91,Milly-la-Forêt,912,magasin_de_vetements,4
78,Le Mesnil-Saint-Denis,782,magasin_de_vetements,1
77,Saint-Sauveur-sur-École,772,magasin_de_vetements,1
78,Le Pecq,783,magasin_de_vetements,2
95,Saint-Gratien,952,magasin_de_vetements,9
93,Pantin,931,magasin_de_vetements,52
94,Gentilly,943,magasin_de_vetements,2
92,Gennevilliers,922,magasin_de_vetements,18
92,Saint-Cloud,923,magasin_de_vetements,12
93,Le Bourget,931,magasin_de_vetements,6
92,Asnières-sur-Seine,922,magasin_de_vetements,63
92,Bagneux,921,magasin_de_vetements,11
94,Thiais,943,magasin_de_vetements,97
77,Chartrettes,772,magasin_de_vetements,1
77,Mouroux,771,magasin_de_vetements,1
91,Mennecy,912,magasin_de_vetements,4
94,Maisons-Alfort,941,magasin_de_vetements,16
91,Janvry,913,magasin_de_vetements,2
95,Saint-Ouen-l'Aumône,953,magasin_de_vetements,7
78,Carrières-sous-Poissy,783,magasin_de_vetements,1
91,Arpajon,913,magasin_de_vetements,26
77,Dammarie-les-Lys,772,magasin_de_vetements,7
78,Gressey,781,magasin_de_vetements,1
94,Alfortville,941,magasin_de_vetements,15
77,Bois-le-Roi,774,magasin_de_vetements,1
77,Lognes,775,magasin_de_vetements,3
75,Paris 4e Arrondissement,751,magasin_de_vetements,315
75,Paris 13e Arrondissement,751,magasin_de_vetements,171
77,Villeneuve-les-Bordes,773,magasin_de_vetements,1
91,Paray-Vieille-Poste,913,magasin_de_vetements,1
91,Montgeron,912,magasin_de_vetements,17
78,Chevreuse,782,magasin_de_vetements,4
78,Marly-le-Roi,783,magasin_de_vetements,8
75,Paris 10e Arrondissement,751,magasin_de_vetements,496
91,Soisy-sur-Seine,912,magasin_de_vetements,1
93,Livry-Gargan,932,magasin_de_vetements,28
95,Survilliers,952,magasin_de_vetements,1
77,Saints,771,magasin_de_vetements,1
78,Le Mesnil-le-Roi,783,magasin_de_vetements,3
78,Le Perray-en-Yvelines,782,magasin_de_vetements,1
77,Champs-sur-Marne,775,magasin_de_vetements,4
94,Bry-sur-Marne,942,magasin_de_vetements,20
78,Dampierre-en-Yvelines,782,magasin_de_vetements,1
91,Épinay-sur-Orge,913,magasin_de_vetements,6
91,Fontenay-lès-Briis,913,magasin_d_equipements_du_foyer,1
78,Garancières,782,magasin_d_equipements_du_foyer,2
94,Santeny,941,magasin_d_equipements_du_foyer,3
94,Cachan,943,magasin_d_equipements_du_foyer,1
77,Lagny-sur-Marne,775,magasin_d_equipements_du_foyer,7
91,Savigny-sur-Orge,913,magasin_d_equipements_du_foyer,6
93,Villemomble,931,magasin_d_equipements_du_foyer,3
77,Annet-sur-Marne,775,magasin_d_equipements_du_foyer,1
95,La Roche-Guyon,953,magasin_d_equipements_du_foyer,1
78,Saint-Cyr-l'École,784,magasin_d_equipements_du_foyer,1
92,Bois-Colombes,922,magasin_d_equipements_du_foyer,3
78,Hermeray,782,magasin_d_equipements_du_foyer,1
78,Coignières,782,magasin_d_equipements_du_foyer,12
78,Le Tremblay-sur-Mauldre,782,magasin_d_equipements_du_foyer,1
77,Collégien,775,magasin_d_equipements_du_foyer,1
93,Neuilly-sur-Marne,932,magasin_d_equipements_du_foyer,4
78,Louveciennes,783,magasin_d_equipements_du_foyer,1
77,Torcy,775,magasin_d_equipements_du_foyer,3
92,Boulogne-Billancourt,923,magasin_d_equipements_du_foyer,36
78,Saint-Rémy-lès-Chevreuse,782,magasin_d_equipements_du_foyer,3
77,Vaires-sur-Marne,775,magasin_d_equipements_du_foyer,1
78,Poissy,783,magasin_d_equipements_du_foyer,2
78,Septeuil,781,magasin_d_equipements_du_foyer,1
91,Juvisy-sur-Orge,913,magasin_d_equipements_du_foyer,2
95,Montigny-lès-Cormeilles,951,magasin_d_equipements_du_foyer,4
77,Mareuil-lès-Meaux,771,magasin_d_equipements_du_foyer,2
95,Pontoise,953,magasin_d_equipements_du_foyer,3
77,Moissy-Cramayel,772,magasin_d_equipements_du_foyer,1
77,Bailly-Romainvilliers,775,magasin_d_equipements_du_foyer,1
77,Montévrain,775,magasin_d_equipements_du_foyer,2
93,Les Pavillons-sous-Bois,931,magasin_d_equipements_du_foyer,5
91,Breuillet,911,magasin_d_equipements_du_foyer,1
77,Fontainebleau,774,magasin_d_equipements_du_foyer,13
78,Bazemont,781,magasin_d_equipements_du_foyer,1
75,Paris 3e Arrondissement,751,magasin_d_equipements_du_foyer,34
77,Chailly-en-Brie,771,magasin_d_equipements_du_foyer,1
77,Thorigny-sur-Marne,775,magasin_d_equipements_du_foyer,1
78,Saint-Arnoult-en-Yvelines,782,magasin_d_equipements_du_foyer,1
91,Égly,913,magasin_d_equipements_du_foyer,3
95,Herblay,951,magasin_d_equipements_du_foyer,10
95,Beaumont-sur-Oise,953,magasin_d_equipements_du_foyer,1
75,Paris 1er Arrondissement,751,magasin_d_equipements_du_foyer,28
78,Vélizy-Villacoublay,784,magasin_d_equipements_du_foyer,11
93,Sevran,932,magasin_d_equipements_du_foyer,2
77,Ozouer-le-Voulgis,772,magasin_d_equipements_du_foyer,1
95,Fosses,952,magasin_d_equipements_du_foyer,2
95,Marines,953,magasin_d_equipements_du_foyer,2
77,Fontenay-Trésigny,773,magasin_d_equipements_du_foyer,1
77,Saint-Soupplets,771,magasin_d_equipements_du_foyer,2
91,Quincy-sous-Sénart,912,magasin_d_equipements_du_foyer,2
94,Charenton-le-Pont,941,magasin_d_equipements_du_foyer,1
91,Ballancourt-sur-Essonne,912,magasin_d_equipements_du_foyer,1
77,Saint-Thibault-des-Vignes,775,magasin_d_equipements_du_foyer,4
77,Fresnes-sur-Marne,771,magasin_d_equipements_du_foyer,1
78,Beynes,782,magasin_d_equipements_du_foyer,2
77,Esbly,771,magasin_d_equipements_du_foyer,1
92,Montrouge,921,magasin_d_equipements_du_foyer,5
91,Méréville,911,magasin_d_equipements_du_foyer,1
94,Villejuif,943,magasin_d_equipements_du_foyer,4
94,L'Haÿ-les-Roses,943,magasin_d_equipements_du_foyer,1
93,Drancy,931,magasin_d_equipements_du_foyer,3
91,Étréchy,911,magasin_d_equipements_du_foyer,3
91,Saint-Germain-lès-Arpajon,913,magasin_d_equipements_du_foyer,1
94,Villiers-sur-Marne,942,magasin_d_equipements_du_foyer,5
78,Rambouillet,782,magasin_d_equipements_du_foyer,5
91,Nozay,913,magasin_d_equipements_du_foyer,1
92,Marnes-la-Coquette,923,magasin_d_equipements_du_foyer,2
92,Neuilly-sur-Seine,922,magasin_d_equipements_du_foyer,21
92,Clamart,921,magasin_d_equipements_du_foyer,3
77,Bussy-Saint-Georges,775,magasin_d_equipements_du_foyer,3
77,Gretz-Armainvilliers,772,magasin_d_equipements_du_foyer,1
77,Lizy-sur-Ourcq,771,magasin_d_equipements_du_foyer,2
94,Vincennes,942,magasin_d_equipements_du_foyer,11
77,Cesson,772,magasin_d_equipements_du_foyer,3
95,Ézanville,952,magasin_d_equipements_du_foyer,6
93,Aubervilliers,933,magasin_d_equipements_du_foyer,8
93,Saint-Ouen,933,magasin_d_equipements_du_foyer,31
75,Paris 16e Arrondissement,751,magasin_d_equipements_du_foyer,76
91,Longjumeau,913,magasin_d_equipements_du_foyer,3
77,Souppes-sur-Loing,774,magasin_d_equipements_du_foyer,1
78,Les Mureaux,781,magasin_d_equipements_du_foyer,1
78,Montalet-le-Bois,781,magasin_d_equipements_du_foyer,1
91,Gometz-le-Châtel,913,magasin_d_equipements_du_foyer,1
91,Limours,913,magasin_d_equipements_du_foyer,1
91,Orsay,913,magasin_d_equipements_du_foyer,5
78,Viroflay,784,magasin_d_equipements_du_foyer,1
95,Marly-la-Ville,952,magasin_d_equipements_du_foyer,2
75,Paris 17e Arrondissement,751,magasin_d_equipements_du_foyer,63
92,Bourg-la-Reine,921,magasin_d_equipements_du_foyer,4
93,Le Raincy,932,magasin_d_equipements_du_foyer,2
92,Châtillon,921,magasin_d_equipements_du_foyer,1
94,Arcueil,943,magasin_d_equipements_du_foyer,6
78,Conflans-Sainte-Honorine,783,magasin_d_equipements_du_foyer,2
95,Cergy,953,magasin_d_equipements_du_foyer,3
77,Claye-Souilly,775,magasin_d_equipements_du_foyer,9
78,Achères,783,magasin_d_equipements_du_foyer,3
78,Les Clayes-sous-Bois,784,magasin_d_equipements_du_foyer,7
93,Noisy-le-Sec,931,magasin_d_equipements_du_foyer,6
77,Couilly-Pont-aux-Dames,771,magasin_d_equipements_du_foyer,1
92,Sceaux,921,magasin_d_equipements_du_foyer,4
77,Pringy,772,magasin_d_equipements_du_foyer,2
77,Saint-Fargeau-Ponthierry,772,magasin_d_equipements_du_foyer,4
93,Bagnolet,931,magasin_d_equipements_du_foyer,6
78,Noisy-le-Roi,783,magasin_d_equipements_du_foyer,4
78,Magnanville,781,magasin_d_equipements_du_foyer,1
92,Rueil-Malmaison,922,magasin_d_equipements_du_foyer,20
94,Saint-Maur-des-Fossés,941,magasin_d_equipements_du_foyer,27
77,Liverdy-en-Brie,772,magasin_d_equipements_du_foyer,1
78,Saint-Germain-en-Laye,783,magasin_d_equipements_du_foyer,23
77,Samois-sur-Seine,774,magasin_d_equipements_du_foyer,1
75,Paris 20e Arrondissement,751,magasin_d_equipements_du_foyer,35
78,Maurepas,782,magasin_d_equipements_du_foyer,5
93,Dugny,931,magasin_d_equipements_du_foyer,1
78,Montfort-l'Amaury,782,magasin_d_equipements_du_foyer,2
95,L'Isle-Adam,953,magasin_d_equipements_du_foyer,5
95,Magny-en-Vexin,953,magasin_d_equipements_du_foyer,3
75,Paris 5e Arrondissement,751,magasin_d_equipements_du_foyer,29
77,Quincy-Voisins,771,magasin_d_equipements_du_foyer,2
78,Maisons-Laffitte,783,magasin_d_equipements_du_foyer,6
93,Gagny,932,magasin_d_equipements_du_foyer,1
77,Mormant,772,magasin_d_equipements_du_foyer,1
91,Lisses,912,magasin_d_equipements_du_foyer,2
78,Bailly,783,magasin_d_equipements_du_foyer,1
95,Courdimanche,953,magasin_d_equipements_du_foyer,2
95,Taverny,953,magasin_d_equipements_du_foyer,3
78,Orgeval,783,magasin_d_equipements_du_foyer,12
78,Montigny-le-Bretonneux,784,magasin_d_equipements_du_foyer,5
91,Oncy-sur-École,912,magasin_d_equipements_du_foyer,1
77,Ozoir-la-Ferrière,775,magasin_d_equipements_du_foyer,1
91,Corbeil-Essonnes,912,magasin_d_equipements_du_foyer,7
75,Paris 18e Arrondissement,751,magasin_d_equipements_du_foyer,67
95,Groslay,952,magasin_d_equipements_du_foyer,1
95,Garges-lès-Gonesse,952,magasin_d_equipements_du_foyer,2
77,Meaux,771,magasin_d_equipements_du_foyer,8
92,Clichy,922,magasin_d_equipements_du_foyer,7
94,Villeneuve-Saint-Georges,941,magasin_d_equipements_du_foyer,1
94,Le Perreux-sur-Marne,942,magasin_d_equipements_du_foyer,4
78,Houilles,783,magasin_d_equipements_du_foyer,6
92,Issy-les-Moulineaux,923,magasin_d_equipements_du_foyer,7
77,La Ferté-Gaucher,773,magasin_d_equipements_du_foyer,1
94,Sucy-en-Brie,941,magasin_d_equipements_du_foyer,2
75,Paris 6e Arrondissement,751,magasin_d_equipements_du_foyer,69
77,Coulommiers,771,magasin_d_equipements_du_foyer,7
77,Cély,772,magasin_d_equipements_du_foyer,1
77,Le Châtelet-en-Brie,772,magasin_d_equipements_du_foyer,1
95,Enghien-les-Bains,952,magasin_d_equipements_du_foyer,7
91,Itteville,911,magasin_d_equipements_du_foyer,1
94,Saint-Maurice,941,magasin_d_equipements_du_foyer,5
95,Bouffémont,952,magasin_d_equipements_du_foyer,1
77,Noisiel,775,magasin_d_equipements_du_foyer,2
77,Le Plessis-Feu-Aussoux,773,magasin_d_equipements_du_foyer,2
93,Villetaneuse,933,magasin_d_equipements_du_foyer,2
95,Montmorency,952,magasin_d_equipements_du_foyer,7
91,Dourdan,911,magasin_d_equipements_du_foyer,5
95,Roissy-en-France,952,magasin_d_equipements_du_foyer,1
78,Mantes-la-Jolie,781,magasin_d_equipements_du_foyer,5
93,Bondy,931,magasin_d_equipements_du_foyer,3
91,Athis-Mons,913,magasin_d_equipements_du_foyer,2
78,Croissy-sur-Seine,783,magasin_d_equipements_du_foyer,1
95,Franconville,953,magasin_d_equipements_du_foyer,4
91,Évry,912,magasin_d_equipements_du_foyer,6
77,Mitry-Mory,771,magasin_d_equipements_du_foyer,3
91,Bruyères-le-Châtel,913,magasin_d_equipements_du_foyer,1
77,Seine-Port,772,magasin_d_equipements_du_foyer,1
75,Paris 8e Arrondissement,751,magasin_d_equipements_du_foyer,106
77,Lieusaint,772,magasin_d_equipements_du_foyer,6
95,Parmain,953,magasin_d_equipements_du_foyer,2
91,Morsang-sur-Orge,912,magasin_d_equipements_du_foyer,1
91,Angerville,911,magasin_d_equipements_du_foyer,2
93,Les Lilas,931,magasin_d_equipements_du_foyer,1
75,Paris 14e Arrondissement,751,magasin_d_equipements_du_foyer,49
75,Paris 11e Arrondissement,751,magasin_d_equipements_du_foyer,65
78,Ponthévrard,782,magasin_d_equipements_du_foyer,1
78,Neauphle-le-Château,782,magasin_d_equipements_du_foyer,1
95,Méry-sur-Oise,953,magasin_d_equipements_du_foyer,1
91,Villebon-sur-Yvette,913,magasin_d_equipements_du_foyer,3
94,Champigny-sur-Marne,942,magasin_d_equipements_du_foyer,7
94,Fontenay-sous-Bois,942,magasin_d_equipements_du_foyer,6
75,Paris 15e Arrondissement,751,magasin_d_equipements_du_foyer,70
77,Serris,775,magasin_d_equipements_du_foyer,7
95,Ableiges,953,magasin_d_equipements_du_foyer,1
77,Jouy-sur-Morin,773,magasin_d_equipements_du_foyer,1
78,Houdan,781,magasin_d_equipements_du_foyer,3
95,Soisy-sous-Montmorency,952,magasin_d_equipements_du_foyer,2
78,Maule,781,magasin_d_equipements_du_foyer,1
78,Bois-d'Arcy,784,magasin_d_equipements_du_foyer,1
78,Élancourt,782,magasin_d_equipements_du_foyer,1
77,Varennes-sur-Seine,773,magasin_d_equipements_du_foyer,2
78,Meulan-en-Yvelines,781,magasin_d_equipements_du_foyer,2
91,Étampes,911,magasin_d_equipements_du_foyer,5
78,Tilly,781,magasin_d_equipements_du_foyer,1
92,La Garenne-Colombes,922,magasin_d_equipements_du_foyer,5
93,Rosny-sous-Bois,931,magasin_d_equipements_du_foyer,17
77,Villiers-en-Bière,772,magasin_d_equipements_du_foyer,1
95,Menucourt,953,magasin_d_equipements_du_foyer,1
78,Mareil-Marly,783,magasin_d_equipements_du_foyer,1
93,Neuilly-Plaisance,932,magasin_d_equipements_du_foyer,3
93,Le Pré-Saint-Gervais,931,magasin_d_equipements_du_foyer,1
94,Créteil,941,magasin_d_equipements_du_foyer,11
92,Levallois-Perret,922,magasin_d_equipements_du_foyer,18
77,Nanteuil-lès-Meaux,771,magasin_d_equipements_du_foyer,2
93,Clichy-sous-Bois,932,magasin_d_equipements_du_foyer,1
95,Viarmes,952,magasin_d_equipements_du_foyer,1
91,Villejust,913,magasin_d_equipements_du_foyer,2
95,Arnouville,952,magasin_d_equipements_du_foyer,1
77,Croissy-Beaubourg,775,magasin_d_equipements_du_foyer,2
78,La Celle-Saint-Cloud,783,magasin_d_equipements_du_foyer,1
77,Montereau-Fault-Yonne,773,magasin_d_equipements_du_foyer,4
78,Goussonville,781,magasin_d_equipements_du_foyer,1
78,Chambourcy,783,magasin_d_equipements_du_foyer,1
91,Palaiseau,913,magasin_d_equipements_du_foyer,4
78,Villepreux,783,magasin_d_equipements_du_foyer,1
95,Sarcelles,952,magasin_d_equipements_du_foyer,8
77,Savins,773,magasin_d_equipements_du_foyer,1
93,Aulnay-sous-Bois,932,magasin_d_equipements_du_foyer,13
91,La Ville-du-Bois,913,magasin_d_equipements_du_foyer,3
95,Pierrelaye,953,magasin_d_equipements_du_foyer,4
77,Boissise-le-Roi,772,magasin_d_equipements_du_foyer,1
91,Verrières-le-Buisson,913,magasin_d_equipements_du_foyer,2
91,Draveil,912,magasin_d_equipements_du_foyer,3
78,Bougival,783,magasin_d_equipements_du_foyer,2
92,Villeneuve-la-Garenne,922,magasin_d_equipements_du_foyer,1
77,Othis,771,magasin_d_equipements_du_foyer,1
94,Fresnes,943,magasin_d_equipements_du_foyer,2
91,Villemoisson-sur-Orge,913,magasin_d_equipements_du_foyer,2
75,Paris 9e Arrondissement,751,magasin_d_equipements_du_foyer,60
77,Pontault-Combault,775,magasin_d_equipements_du_foyer,10
78,Flins-sur-Seine,781,magasin_d_equipements_du_foyer,2
78,Montesson,783,magasin_d_equipements_du_foyer,2
94,Ivry-sur-Seine,941,magasin_d_equipements_du_foyer,2
95,Chaumontel,952,magasin_d_equipements_du_foyer,1
78,Feucherolles,783,magasin_d_equipements_du_foyer,2
77,Moret-sur-Loing,774,magasin_d_equipements_du_foyer,3
91,Saint-Michel-sur-Orge,913,magasin_d_equipements_du_foyer,3
95,Domont,952,magasin_d_equipements_du_foyer,3
91,Boussy-Saint-Antoine,912,magasin_d_equipements_du_foyer,1
92,Châtenay-Malabry,921,magasin_d_equipements_du_foyer,2
93,Bobigny,931,magasin_d_equipements_du_foyer,2
95,Bezons,951,magasin_d_equipements_du_foyer,1
77,Veneux-les-Sablons,774,magasin_d_equipements_du_foyer,1
78,Sartrouville,783,magasin_d_equipements_du_foyer,4
95,Ermont,953,magasin_d_equipements_du_foyer,4
95,Saint-Brice-sous-Forêt,952,magasin_d_equipements_du_foyer,2
93,Noisy-le-Grand,932,magasin_d_equipements_du_foyer,3
77,Maison-Rouge,773,magasin_d_equipements_du_foyer,1
95,Sannois,951,magasin_d_equipements_du_foyer,1
92,Meudon,923,magasin_d_equipements_du_foyer,3
91,Vigneux-sur-Seine,912,magasin_d_equipements_du_foyer,1
95,Saint-Leu-la-Forêt,953,magasin_d_equipements_du_foyer,2
94,Saint-Mandé,942,magasin_d_equipements_du_foyer,4
77,Émerainville,775,magasin_d_equipements_du_foyer,1
94,Vitry-sur-Seine,941,magasin_d_equipements_du_foyer,4
92,Colombes,922,magasin_d_equipements_du_foyer,8
94,Rungis,943,magasin_d_equipements_du_foyer,1
91,Baulne,911,magasin_d_equipements_du_foyer,1
78,Choisel,782,magasin_d_equipements_du_foyer,1
78,Trappes,784,magasin_d_equipements_du_foyer,1
93,Montfermeil,932,magasin_d_equipements_du_foyer,1
78,Andrésy,783,magasin_d_equipements_du_foyer,1
78,Chatou,783,magasin_d_equipements_du_foyer,3
77,Chanteloup-en-Brie,775,magasin_d_equipements_du_foyer,3
91,Saint-Pierre-du-Perray,912,magasin_d_equipements_du_foyer,1
78,Buc,784,magasin_d_equipements_du_foyer,1
91,Brunoy,912,magasin_d_equipements_du_foyer,2
92,Nanterre,922,magasin_d_equipements_du_foyer,4
77,Pomponne,775,magasin_d_equipements_du_foyer,1
95,Us,953,magasin_d_equipements_du_foyer,1
77,Mons-en-Montois,773,magasin_d_equipements_du_foyer,1
78,Versailles,784,magasin_d_equipements_du_foyer,39
92,Garches,922,magasin_d_equipements_du_foyer,4
95,Éragny,953,magasin_d_equipements_du_foyer,8
91,Fleury-Mérogis,912,magasin_d_equipements_du_foyer,1
78,Maurecourt,783,magasin_d_equipements_du_foyer,1
77,La Ferté-sous-Jouarre,771,magasin_d_equipements_du_foyer,1
78,Jouy-en-Josas,784,magasin_d_equipements_du_foyer,1
95,Vétheuil,953,magasin_d_equipements_du_foyer,1
77,Melun,772,magasin_d_equipements_du_foyer,14
78,Les Loges-en-Josas,784,magasin_d_equipements_du_foyer,1
91,Saint-Chéron,911,magasin_d_equipements_du_foyer,1
77,Favières,772,magasin_d_equipements_du_foyer,1
95,Gonesse,952,magasin_d_equipements_du_foyer,6
93,Montreuil,931,magasin_d_equipements_du_foyer,9
95,Beauchamp,953,magasin_d_equipements_du_foyer,1
77,Provins,773,magasin_d_equipements_du_foyer,8
94,Choisy-le-Roi,941,magasin_d_equipements_du_foyer,3
95,Épiais-Rhus,953,magasin_d_equipements_du_foyer,1
94,Villecresnes,941,magasin_d_equipements_du_foyer,3
77,Avon,774,magasin_d_equipements_du_foyer,1
95,Osny,953,magasin_d_equipements_du_foyer,2
77,Chauconin-Neufmontiers,771,magasin_d_equipements_du_foyer,1
78,Ecquevilly,781,magasin_d_equipements_du_foyer,3
78,Guyancourt,784,magasin_d_equipements_du_foyer,1
92,Fontenay-aux-Roses,921,magasin_d_equipements_du_foyer,1
94,La Queue-en-Brie,942,magasin_d_equipements_du_foyer,3
93,Stains,933,magasin_d_equipements_du_foyer,1
92,Vaucresson,923,magasin_d_equipements_du_foyer,2
95,Cormeilles-en-Parisis,951,magasin_d_equipements_du_foyer,4
77,Sourdun,773,magasin_d_equipements_du_foyer,1
78,Rosny-sur-Seine,781,magasin_d_equipements_du_foyer,1
91,Brétigny-sur-Orge,913,magasin_d_equipements_du_foyer,1
94,Nogent-sur-Marne,942,magasin_d_equipements_du_foyer,7
78,Jouars-Pontchartrain,782,magasin_d_equipements_du_foyer,1
91,Gif-sur-Yvette,913,magasin_d_equipements_du_foyer,2
94,Bonneuil-sur-Marne,941,magasin_d_equipements_du_foyer,3
77,Bourron-Marlotte,774,magasin_d_equipements_du_foyer,1
92,Puteaux,922,magasin_d_equipements_du_foyer,14
75,Paris 2e Arrondissement,751,magasin_d_equipements_du_foyer,22
91,Igny,913,magasin_d_equipements_du_foyer,2
77,Grez-sur-Loing,774,magasin_d_equipements_du_foyer,1
77,Savigny-le-Temple,772,magasin_d_equipements_du_foyer,1
78,Le Vésinet,783,magasin_d_equipements_du_foyer,6
78,Mantes-la-Ville,781,magasin_d_equipements_du_foyer,1
91,Étiolles,912,magasin_d_equipements_du_foyer,1
91,Ris-Orangis,912,magasin_d_equipements_du_foyer,2
94,Joinville-le-Pont,942,magasin_d_equipements_du_foyer,1
77,Pommeuse,771,magasin_d_equipements_du_foyer,1
93,La Courneuve,933,magasin_d_equipements_du_foyer,1
77,Nangis,773,magasin_d_equipements_du_foyer,2
77,Boissy-le-Châtel,771,magasin_d_equipements_du_foyer,1
92,Sèvres,923,magasin_d_equipements_du_foyer,4
93,Saint-Denis,933,magasin_d_equipements_du_foyer,8
91,Champlan,913,magasin_d_equipements_du_foyer,1
93,Tremblay-en-France,932,magasin_d_equipements_du_foyer,2
78,Bazoches-sur-Guyonne,782,magasin_d_equipements_du_foyer,1
95,Auvers-sur-Oise,953,magasin_d_equipements_du_foyer,1
95,Baillet-en-France,952,magasin_d_equipements_du_foyer,1
91,Vaugrigneuse,913,magasin_d_equipements_du_foyer,1
95,Eaubonne,953,magasin_d_equipements_du_foyer,5
77,Brie-Comte-Robert,772,magasin_d_equipements_du_foyer,4
93,Pierrefitte-sur-Seine,933,magasin_d_equipements_du_foyer,1
91,Gometz-la-Ville,913,magasin_d_equipements_du_foyer,1
91,Montlhéry,913,magasin_d_equipements_du_foyer,3
77,Vulaines-sur-Seine,774,magasin_d_equipements_du_foyer,1
91,Bièvres,913,magasin_d_equipements_du_foyer,1
77,Villeparisis,775,magasin_d_equipements_du_foyer,3
75,Paris 7e Arrondissement,751,magasin_d_equipements_du_foyer,70
92,Vanves,921,magasin_d_equipements_du_foyer,3
91,Chilly-Mazarin,913,magasin_d_equipements_du_foyer,3
78,Thoiry,782,magasin_d_equipements_du_foyer,1
91,Yerres,912,magasin_d_equipements_du_foyer,3
94,Marolles-en-Brie,941,magasin_d_equipements_du_foyer,1
77,Barbizon,772,magasin_d_equipements_du_foyer,2
77,Nemours,774,magasin_d_equipements_du_foyer,5
92,Courbevoie,922,magasin_d_equipements_du_foyer,15
91,Sainte-Geneviève-des-Bois,913,magasin_d_equipements_du_foyer,16
75,Paris 12e Arrondissement,751,magasin_d_equipements_du_foyer,49
95,Deuil-la-Barre,952,magasin_d_equipements_du_foyer,2
95,Écouen,952,magasin_d_equipements_du_foyer,1
77,Vert-Saint-Denis,772,magasin_d_equipements_du_foyer,1
78,Villennes-sur-Seine,783,magasin_d_equipements_du_foyer,1
95,Argenteuil,951,magasin_d_equipements_du_foyer,9
78,Bonnières-sur-Seine,781,magasin_d_equipements_du_foyer,1
75,Paris 19e Arrondissement,751,magasin_d_equipements_du_foyer,19
94,Orly,941,magasin_d_equipements_du_foyer,1
94,Le Kremlin-Bicêtre,943,magasin_d_equipements_du_foyer,3
77,Le Plessis-Placy,771,magasin_d_equipements_du_foyer,1
78,Auffargis,782,magasin_d_equipements_du_foyer,1
93,L'Île-Saint-Denis,933,magasin_d_equipements_du_foyer,1
91,Viry-Châtillon,912,magasin_d_equipements_du_foyer,2
78,Clairefontaine-en-Yvelines,782,magasin_d_equipements_du_foyer,1
78,Aubergenville,781,magasin_d_equipements_du_foyer,2
95,Le Plessis-Bouchard,953,magasin_d_equipements_du_foyer,1
92,Le Plessis-Robinson,921,magasin_d_equipements_du_foyer,3
78,Toussus-le-Noble,784,magasin_d_equipements_du_foyer,1
91,Massy,913,magasin_d_equipements_du_foyer,3
78,Le Chesnay,784,magasin_d_equipements_du_foyer,8
77,Longperrier,771,magasin_d_equipements_du_foyer,1
78,Buchelay,781,magasin_d_equipements_du_foyer,4
93,Romainville,931,magasin_d_equipements_du_foyer,1
91,Courcouronnes,912,magasin_d_equipements_du_foyer,2
94,Chennevières-sur-Marne,942,magasin_d_equipements_du_foyer,5
92,Suresnes,922,magasin_d_equipements_du_foyer,7
91,Bondoufle,912,magasin_d_equipements_du_foyer,1
91,Grigny,912,magasin_d_equipements_du_foyer,4
77,Saint-Pathus,771,magasin_d_equipements_du_foyer,1
92,Antony,921,magasin_d_equipements_du_foyer,10
77,Dammartin-en-Goële,771,magasin_d_equipements_du_foyer,3
77,Roissy-en-Brie,775,magasin_d_equipements_du_foyer,1
78,Plaisir,784,magasin_d_equipements_du_foyer,2
94,Le Plessis-Trévise,942,magasin_d_equipements_du_foyer,1
77,Chelles,775,magasin_d_equipements_du_foyer,5
91,Milly-la-Forêt,912,magasin_d_equipements_du_foyer,2
78,Le Mesnil-Saint-Denis,782,magasin_d_equipements_du_foyer,1
77,Nandy,772,magasin_d_equipements_du_foyer,1
78,Le Pecq,783,magasin_d_equipements_du_foyer,3
95,Saint-Gratien,952,magasin_d_equipements_du_foyer,5
93,Pantin,931,magasin_d_equipements_du_foyer,5
94,Gentilly,943,magasin_d_equipements_du_foyer,3
92,Gennevilliers,922,magasin_d_equipements_du_foyer,3
78,Chapet,781,magasin_d_equipements_du_foyer,1
92,Saint-Cloud,923,magasin_d_equipements_du_foyer,2
92,Asnières-sur-Seine,922,magasin_d_equipements_du_foyer,14
92,Bagneux,921,magasin_d_equipements_du_foyer,1
94,Thiais,943,magasin_d_equipements_du_foyer,9
77,Chartrettes,772,magasin_d_equipements_du_foyer,1
77,Mouroux,771,magasin_d_equipements_du_foyer,1
91,Avrainville,913,magasin_d_equipements_du_foyer,1
91,Mennecy,912,magasin_d_equipements_du_foyer,3
94,Maisons-Alfort,941,magasin_d_equipements_du_foyer,5
95,Saint-Ouen-l'Aumône,953,magasin_d_equipements_du_foyer,4
78,Carrières-sous-Poissy,783,magasin_d_equipements_du_foyer,2
78,Mareil-sur-Mauldre,781,magasin_d_equipements_du_foyer,1
91,Arpajon,913,magasin_d_equipements_du_foyer,3
77,Dammarie-les-Lys,772,magasin_d_equipements_du_foyer,2
94,Alfortville,941,magasin_d_equipements_du_foyer,8
77,Lognes,775,magasin_d_equipements_du_foyer,3
75,Paris 4e Arrondissement,751,magasin_d_equipements_du_foyer,65
75,Paris 13e Arrondissement,751,magasin_d_equipements_du_foyer,30
91,Paray-Vieille-Poste,913,magasin_d_equipements_du_foyer,2
91,Montgeron,912,magasin_d_equipements_du_foyer,4
78,Chevreuse,782,magasin_d_equipements_du_foyer,4
78,Marly-le-Roi,783,magasin_d_equipements_du_foyer,3
75,Paris 10e Arrondissement,751,magasin_d_equipements_du_foyer,44
93,Livry-Gargan,932,magasin_d_equipements_du_foyer,6
95,Survilliers,952,magasin_d_equipements_du_foyer,1
78,Le Perray-en-Yvelines,782,magasin_d_equipements_du_foyer,1
77,Champs-sur-Marne,775,magasin_d_equipements_du_foyer,2
94,Bry-sur-Marne,942,magasin_d_equipements_du_foyer,4
91,Épinay-sur-Orge,913,magasin_d_equipements_du_foyer,1
94,Cachan,943,magasin_de_chaussures,1
77,Lagny-sur-Marne,775,magasin_de_chaussures,4
91,Savigny-sur-Orge,913,magasin_de_chaussures,3
91,La Ferté-Alais,911,magasin_de_chaussures,1
92,Bois-Colombes,922,magasin_de_chaussures,3
78,Coignières,782,magasin_de_chaussures,2
77,Collégien,775,magasin_de_chaussures,5
93,Neuilly-sur-Marne,932,magasin_de_chaussures,4
77,Sept-Sorts,771,magasin_de_chaussures,1
92,Boulogne-Billancourt,923,magasin_de_chaussures,28
78,Saint-Rémy-lès-Chevreuse,782,magasin_de_chaussures,1
77,Vaires-sur-Marne,775,magasin_de_chaussures,1
78,Poissy,783,magasin_de_chaussures,8
91,Juvisy-sur-Orge,913,magasin_de_chaussures,4
93,Le Blanc-Mesnil,932,magasin_de_chaussures,2
95,Pontoise,953,magasin_de_chaussures,3
93,Les Pavillons-sous-Bois,931,magasin_de_chaussures,1
77,Fontainebleau,774,magasin_de_chaussures,10
75,Paris 3e Arrondissement,751,magasin_de_chaussures,51
95,Herblay,951,magasin_de_chaussures,5
95,Beaumont-sur-Oise,953,magasin_de_chaussures,2
75,Paris 1er Arrondissement,751,magasin_de_chaussures,99
78,Vélizy-Villacoublay,784,magasin_de_chaussures,32
93,Sevran,932,magasin_de_chaussures,3
91,Saint-Germain-lès-Corbeil,912,magasin_de_chaussures,1
91,Quincy-sous-Sénart,912,magasin_de_chaussures,2
94,Charenton-le-Pont,941,magasin_de_chaussures,7
77,Saint-Thibault-des-Vignes,775,magasin_de_chaussures,1
77,Esbly,771,magasin_de_chaussures,2
92,Montrouge,921,magasin_de_chaussures,5
94,Villejuif,943,magasin_de_chaussures,5
93,Drancy,931,magasin_de_chaussures,6
91,Étréchy,911,magasin_de_chaussures,1
94,Villiers-sur-Marne,942,magasin_de_chaussures,1
78,Rambouillet,782,magasin_de_chaussures,10
92,Neuilly-sur-Seine,922,magasin_de_chaussures,21
92,Clamart,921,magasin_de_chaussures,9
77,Lizy-sur-Ourcq,771,magasin_de_chaussures,1
91,Marcoussis,913,magasin_de_chaussures,1
94,Vincennes,942,magasin_de_chaussures,16
77,Cesson,772,magasin_de_chaussures,4
78,La Queue-les-Yvelines,782,magasin_de_chaussures,1
91,Morigny-Champigny,911,magasin_de_chaussures,3
93,Aubervilliers,933,magasin_de_chaussures,14
93,Saint-Ouen,933,magasin_de_chaussures,22
75,Paris 16e Arrondissement,751,magasin_de_chaussures,82
91,Longjumeau,913,magasin_de_chaussures,1
91,Saint-Jean-de-Beauregard,913,magasin_de_chaussures,1
78,Les Mureaux,781,magasin_de_chaussures,1
91,Orsay,913,magasin_de_chaussures,2
78,Viroflay,784,magasin_de_chaussures,4
75,Paris 17e Arrondissement,751,magasin_de_chaussures,79
92,Bourg-la-Reine,921,magasin_de_chaussures,1
93,Le Raincy,932,magasin_de_chaussures,6
92,Châtillon,921,magasin_de_chaussures,3
94,Arcueil,943,magasin_de_chaussures,10
78,Conflans-Sainte-Honorine,783,magasin_de_chaussures,4
95,Cergy,953,magasin_de_chaussures,14
77,Claye-Souilly,775,magasin_de_chaussures,8
78,Achères,783,magasin_de_chaussures,4
93,Noisy-le-Sec,931,magasin_de_chaussures,3
77,Couilly-Pont-aux-Dames,771,magasin_de_chaussures,2
92,Sceaux,921,magasin_de_chaussures,6
77,Saint-Fargeau-Ponthierry,772,magasin_de_chaussures,1
93,Bagnolet,931,magasin_de_chaussures,9
78,Noisy-le-Roi,783,magasin_de_chaussures,1
92,Rueil-Malmaison,922,magasin_de_chaussures,18
77,Combs-la-Ville,772,magasin_de_chaussures,4
94,Saint-Maur-des-Fossés,941,magasin_de_chaussures,18
94,Ablon-sur-Seine,941,magasin_de_chaussures,1
78,Saint-Germain-en-Laye,783,magasin_de_chaussures,28
93,Villepinte,932,magasin_de_chaussures,1
75,Paris 20e Arrondissement,751,magasin_de_chaussures,41
78,Maurepas,782,magasin_de_chaussures,3
78,Montfort-l'Amaury,782,magasin_de_chaussures,1
95,L'Isle-Adam,953,magasin_de_chaussures,5
75,Paris 5e Arrondissement,751,magasin_de_chaussures,22
78,Maisons-Laffitte,783,magasin_de_chaussures,3
93,Gagny,932,magasin_de_chaussures,1
94,Valenton,941,magasin_de_chaussures,1
77,Lésigny,772,magasin_de_chaussures,2
77,Soignolles-en-Brie,772,magasin_de_chaussures,1
95,Taverny,953,magasin_de_chaussures,4
78,Orgeval,783,magasin_de_chaussures,3
78,Montigny-le-Bretonneux,784,magasin_de_chaussures,10
77,Ozoir-la-Ferrière,775,magasin_de_chaussures,2
91,Corbeil-Essonnes,912,magasin_de_chaussures,13
75,Paris 18e Arrondissement,751,magasin_de_chaussures,52
95,Garges-lès-Gonesse,952,magasin_de_chaussures,3
77,Meaux,771,magasin_de_chaussures,12
92,Clichy,922,magasin_de_chaussures,7
94,Villeneuve-Saint-Georges,941,magasin_de_chaussures,2
94,Le Perreux-sur-Marne,942,magasin_de_chaussures,3
78,Houilles,783,magasin_de_chaussures,4
92,Issy-les-Moulineaux,923,magasin_de_chaussures,6
92,Malakoff,921,magasin_de_chaussures,3
94,Sucy-en-Brie,941,magasin_de_chaussures,2
75,Paris 6e Arrondissement,751,magasin_de_chaussures,135
77,Coulommiers,771,magasin_de_chaussures,7
77,Brou-sur-Chantereine,775,magasin_de_chaussures,1
95,Enghien-les-Bains,952,magasin_de_chaussures,12
91,Itteville,911,magasin_de_chaussures,1
93,Villetaneuse,933,magasin_de_chaussures,1
95,Montmorency,952,magasin_de_chaussures,1
91,Dourdan,911,magasin_de_chaussures,1
95,Roissy-en-France,952,magasin_de_chaussures,2
78,Mantes-la-Jolie,781,magasin_de_chaussures,13
95,Moisselles,952,magasin_de_chaussures,2
93,Bondy,931,magasin_de_chaussures,3
91,Athis-Mons,913,magasin_de_chaussures,1
78,Croissy-sur-Seine,783,magasin_de_chaussures,1
95,Franconville,953,magasin_de_chaussures,9
91,Évry,912,magasin_de_chaussures,14
77,Mitry-Mory,771,magasin_de_chaussures,1
75,Paris 8e Arrondissement,751,magasin_de_chaussures,113
77,Lieusaint,772,magasin_de_chaussures,7
93,Les Lilas,931,magasin_de_chaussures,4
75,Paris 14e Arrondissement,751,magasin_de_chaussures,42
75,Paris 11e Arrondissement,751,magasin_de_chaussures,46
91,Villebon-sur-Yvette,913,magasin_de_chaussures,4
94,Champigny-sur-Marne,942,magasin_de_chaussures,5
94,Fontenay-sous-Bois,942,magasin_de_chaussures,6
75,Paris 15e Arrondissement,751,magasin_de_chaussures,72
77,Serris,775,magasin_de_chaussures,13
78,Houdan,781,magasin_de_chaussures,2
95,Soisy-sous-Montmorency,952,magasin_de_chaussures,3
77,Varennes-sur-Seine,773,magasin_de_chaussures,1
78,Meulan-en-Yvelines,781,magasin_de_chaussures,1
91,Étampes,911,magasin_de_chaussures,3
77,Le Mée-sur-Seine,772,magasin_de_chaussures,2
92,La Garenne-Colombes,922,magasin_de_chaussures,4
93,Rosny-sous-Bois,931,magasin_de_chaussures,14
77,Villiers-en-Bière,772,magasin_de_chaussures,5
93,Neuilly-Plaisance,932,magasin_de_chaussures,1
93,Le Pré-Saint-Gervais,931,magasin_de_chaussures,7
94,Créteil,941,magasin_de_chaussures,20
92,Levallois-Perret,922,magasin_de_chaussures,19
77,Nanteuil-lès-Meaux,771,magasin_de_chaussures,1
95,Puiseux-Pontoise,953,magasin_de_chaussures,2
95,Arnouville,952,magasin_de_chaussures,1
78,La Celle-Saint-Cloud,783,magasin_de_chaussures,1
77,Montereau-Fault-Yonne,773,magasin_de_chaussures,3
78,Chambourcy,783,magasin_de_chaussures,4
91,Palaiseau,913,magasin_de_chaussures,4
95,Sarcelles,952,magasin_de_chaussures,9
77,Vaux-le-Pénil,772,magasin_de_chaussures,1
95,Villiers-le-Bel,952,magasin_de_chaussures,2
93,Aulnay-sous-Bois,932,magasin_de_chaussures,20
91,La Ville-du-Bois,913,magasin_de_chaussures,5
95,Pierrelaye,953,magasin_de_chaussures,2
91,Verrières-le-Buisson,913,magasin_de_chaussures,5
91,Draveil,912,magasin_de_chaussures,1
78,Bougival,783,magasin_de_chaussures,2
77,Othis,771,magasin_de_chaussures,1
94,Fresnes,943,magasin_de_chaussures,7
91,Villemoisson-sur-Orge,913,magasin_de_chaussures,1
75,Paris 9e Arrondissement,751,magasin_de_chaussures,94
77,Pontault-Combault,775,magasin_de_chaussures,5
78,Flins-sur-Seine,781,magasin_de_chaussures,4
78,Montesson,783,magasin_de_chaussures,5
94,Ivry-sur-Seine,941,magasin_de_chaussures,5
91,Saint-Michel-sur-Orge,913,magasin_de_chaussures,2
91,Boussy-Saint-Antoine,912,magasin_de_chaussures,1
92,Châtenay-Malabry,921,magasin_de_chaussures,1
93,Bobigny,931,magasin_de_chaussures,7
95,Bezons,951,magasin_de_chaussures,1
95,Goussainville,952,magasin_de_chaussures,2
91,Ballainvilliers,913,magasin_de_chaussures,1
78,Sartrouville,783,magasin_de_chaussures,4
95,Ermont,953,magasin_de_chaussures,3
95,Saint-Brice-sous-Forêt,952,magasin_de_chaussures,6
93,Noisy-le-Grand,932,magasin_de_chaussures,13
95,Sannois,951,magasin_de_chaussures,1
92,Meudon,923,magasin_de_chaussures,2
91,Vigneux-sur-Seine,912,magasin_de_chaussures,3
94,Saint-Mandé,942,magasin_de_chaussures,4
78,Fontenay-le-Fleury,784,magasin_de_chaussures,1
94,Vitry-sur-Seine,941,magasin_de_chaussures,6
92,Colombes,922,magasin_de_chaussures,7
77,Crécy-la-Chapelle,771,magasin_de_chaussures,1
77,Chanteloup-en-Brie,775,magasin_de_chaussures,2
91,Villabé,912,magasin_de_chaussures,3
78,Vernouillet,783,magasin_de_chaussures,1
91,Brunoy,912,magasin_de_chaussures,3
92,Nanterre,922,magasin_de_chaussures,5
77,Tournan-en-Brie,772,magasin_de_chaussures,2
78,Versailles,784,magasin_de_chaussures,18
91,Morangis,913,magasin_de_chaussures,1
77,Faremoutiers,771,magasin_de_chaussures,1
92,Garches,922,magasin_de_chaussures,1
95,Éragny,953,magasin_de_chaussures,1
77,La Ferté-sous-Jouarre,771,magasin_de_chaussures,1
77,Melun,772,magasin_de_chaussures,13
91,Saint-Chéron,911,magasin_de_chaussures,1
94,Noiseau,942,magasin_de_chaussures,1
95,Gonesse,952,magasin_de_chaussures,10
92,Chaville,923,magasin_de_chaussures,1
93,Montreuil,931,magasin_de_chaussures,16
77,Provins,773,magasin_de_chaussures,5
94,Choisy-le-Roi,941,magasin_de_chaussures,2
77,Avon,774,magasin_de_chaussures,1
95,Osny,953,magasin_de_chaussures,3
94,La Queue-en-Brie,942,magasin_de_chaussures,1
95,Cormeilles-en-Parisis,951,magasin_de_chaussures,4
91,Brétigny-sur-Orge,913,magasin_de_chaussures,5
94,Nogent-sur-Marne,942,magasin_de_chaussures,6
91,Gif-sur-Yvette,913,magasin_de_chaussures,1
94,Bonneuil-sur-Marne,941,magasin_de_chaussures,2
92,Puteaux,922,magasin_de_chaussures,26
75,Paris 2e Arrondissement,751,magasin_de_chaussures,41
91,Igny,913,magasin_de_chaussures,1
77,Savigny-le-Temple,772,magasin_de_chaussures,2
78,Le Vésinet,783,magasin_de_chaussures,6
91,Étiolles,912,magasin_de_chaussures,1
93,La Courneuve,933,magasin_de_chaussures,3
77,Nangis,773,magasin_de_chaussures,1
92,Sèvres,923,magasin_de_chaussures,3
93,Saint-Denis,933,magasin_de_chaussures,13
93,Tremblay-en-France,932,magasin_de_chaussures,1
77,Brie-Comte-Robert,772,magasin_de_chaussures,4
91,Les Ulis,913,magasin_de_chaussures,6
93,Épinay-sur-Seine,933,magasin_de_chaussures,1
91,Montlhéry,913,magasin_de_chaussures,1
77,Vulaines-sur-Seine,774,magasin_de_chaussures,2
77,Villeparisis,775,magasin_de_chaussures,1
75,Paris 7e Arrondissement,751,magasin_de_chaussures,49
92,Vanves,921,magasin_de_chaussures,1
91,Chilly-Mazarin,913,magasin_de_chaussures,1
91,Yerres,912,magasin_de_chaussures,2
77,Nemours,774,magasin_de_chaussures,7
92,Courbevoie,922,magasin_de_chaussures,10
91,Sainte-Geneviève-des-Bois,913,magasin_de_chaussures,6
75,Paris 12e Arrondissement,751,magasin_de_chaussures,31
77,Vert-Saint-Denis,772,magasin_de_chaussures,1
95,Argenteuil,951,magasin_de_chaussures,8
78,Bonnières-sur-Seine,781,magasin_de_chaussures,1
75,Paris 19e Arrondissement,751,magasin_de_chaussures,28
94,Orly,941,magasin_de_chaussures,1
94,Le Kremlin-Bicêtre,943,magasin_de_chaussures,9
93,L'Île-Saint-Denis,933,magasin_de_chaussures,11
78,Aubergenville,781,magasin_de_chaussures,3
92,Le Plessis-Robinson,921,magasin_de_chaussures,1
91,Massy,913,magasin_de_chaussures,4
78,Le Chesnay,784,magasin_de_chaussures,13
78,Buchelay,781,magasin_de_chaussures,3
93,Romainville,931,magasin_de_chaussures,1
94,Chennevières-sur-Marne,942,magasin_de_chaussures,4
92,Suresnes,922,magasin_de_chaussures,6
94,Ormesson-sur-Marne,942,magasin_de_chaussures,2
91,Grigny,912,magasin_de_chaussures,1
92,Antony,921,magasin_de_chaussures,10
78,Plaisir,784,magasin_de_chaussures,7
77,Chelles,775,magasin_de_chaussures,7
91,Milly-la-Forêt,912,magasin_de_chaussures,1
95,Saint-Gratien,952,magasin_de_chaussures,3
93,Pantin,931,magasin_de_chaussures,7
94,Gentilly,943,magasin_de_chaussures,1
92,Gennevilliers,922,magasin_de_chaussures,2
92,Asnières-sur-Seine,922,magasin_de_chaussures,18
92,Bagneux,921,magasin_de_chaussures,3
94,Thiais,943,magasin_de_chaussures,13
91,Mennecy,912,magasin_de_chaussures,1
94,Maisons-Alfort,941,magasin_de_chaussures,5
78,Carrières-sous-Poissy,783,magasin_de_chaussures,1
91,Arpajon,913,magasin_de_chaussures,4
77,Dammarie-les-Lys,772,magasin_de_chaussures,2
77,Lognes,775,magasin_de_chaussures,1
75,Paris 4e Arrondissement,751,magasin_de_chaussures,46
75,Paris 13e Arrondissement,751,magasin_de_chaussures,27
91,Montgeron,912,magasin_de_chaussures,2
75,Paris 10e Arrondissement,751,magasin_de_chaussures,46
93,Livry-Gargan,932,magasin_de_chaussures,4
78,Le Mesnil-le-Roi,783,magasin_de_chaussures,1
78,Le Perray-en-Yvelines,782,magasin_de_chaussures,1
77,Champs-sur-Marne,775,magasin_de_chaussures,2
94,Bry-sur-Marne,942,magasin_de_chaussures,4
91,Épinay-sur-Orge,913,magasin_de_chaussures,2
77,Lagny-sur-Marne,775,magasin_d_electromenager_et_de_mat_audio_video,2
91,Savigny-sur-Orge,913,magasin_d_electromenager_et_de_mat_audio_video,1
93,Villemomble,931,magasin_d_electromenager_et_de_mat_audio_video,3
77,Annet-sur-Marne,775,magasin_d_electromenager_et_de_mat_audio_video,1
78,Saint-Cyr-l'École,784,magasin_d_electromenager_et_de_mat_audio_video,2
92,Bois-Colombes,922,magasin_d_electromenager_et_de_mat_audio_video,7
94,Mandres-les-Roses,941,magasin_d_electromenager_et_de_mat_audio_video,1
78,Coignières,782,magasin_d_electromenager_et_de_mat_audio_video,5
77,Collégien,775,magasin_d_electromenager_et_de_mat_audio_video,1
93,Neuilly-sur-Marne,932,magasin_d_electromenager_et_de_mat_audio_video,2
77,Torcy,775,magasin_d_electromenager_et_de_mat_audio_video,1
92,Boulogne-Billancourt,923,magasin_d_electromenager_et_de_mat_audio_video,21
78,Saint-Rémy-lès-Chevreuse,782,magasin_d_electromenager_et_de_mat_audio_video,2
77,Vaires-sur-Marne,775,magasin_d_electromenager_et_de_mat_audio_video,1
78,Poissy,783,magasin_d_electromenager_et_de_mat_audio_video,6
91,Juvisy-sur-Orge,913,magasin_d_electromenager_et_de_mat_audio_video,3
93,Le Blanc-Mesnil,932,magasin_d_electromenager_et_de_mat_audio_video,2
95,Montigny-lès-Cormeilles,951,magasin_d_electromenager_et_de_mat_audio_video,1
77,Mareuil-lès-Meaux,771,magasin_d_electromenager_et_de_mat_audio_video,1
95,Pontoise,953,magasin_d_electromenager_et_de_mat_audio_video,4
77,Lorrez-le-Bocage-Préaux,774,magasin_d_electromenager_et_de_mat_audio_video,1
77,Moissy-Cramayel,772,magasin_d_electromenager_et_de_mat_audio_video,2
77,Montévrain,775,magasin_d_electromenager_et_de_mat_audio_video,3
93,Les Pavillons-sous-Bois,931,magasin_d_electromenager_et_de_mat_audio_video,4
77,Fontainebleau,774,magasin_d_electromenager_et_de_mat_audio_video,2
75,Paris 3e Arrondissement,751,magasin_d_electromenager_et_de_mat_audio_video,12
77,Thorigny-sur-Marne,775,magasin_d_electromenager_et_de_mat_audio_video,1
78,Saint-Arnoult-en-Yvelines,782,magasin_d_electromenager_et_de_mat_audio_video,1
95,Herblay,951,magasin_d_electromenager_et_de_mat_audio_video,3
75,Paris 1er Arrondissement,751,magasin_d_electromenager_et_de_mat_audio_video,15
78,Vélizy-Villacoublay,784,magasin_d_electromenager_et_de_mat_audio_video,7
93,Sevran,932,magasin_d_electromenager_et_de_mat_audio_video,1
95,Fosses,952,magasin_d_electromenager_et_de_mat_audio_video,1
77,Coupvray,775,magasin_d_electromenager_et_de_mat_audio_video,2
77,Saint-Siméon,773,magasin_d_electromenager_et_de_mat_audio_video,1
95,Marines,953,magasin_d_electromenager_et_de_mat_audio_video,1
77,Saint-Soupplets,771,magasin_d_electromenager_et_de_mat_audio_video,1
91,Quincy-sous-Sénart,912,magasin_d_electromenager_et_de_mat_audio_video,1
94,Charenton-le-Pont,941,magasin_d_electromenager_et_de_mat_audio_video,3
92,Montrouge,921,magasin_d_electromenager_et_de_mat_audio_video,3
91,Méréville,911,magasin_d_electromenager_et_de_mat_audio_video,1
94,Villejuif,943,magasin_d_electromenager_et_de_mat_audio_video,2
93,Drancy,931,magasin_d_electromenager_et_de_mat_audio_video,8
94,Villiers-sur-Marne,942,magasin_d_electromenager_et_de_mat_audio_video,2
78,Rambouillet,782,magasin_d_electromenager_et_de_mat_audio_video,4
92,Neuilly-sur-Seine,922,magasin_d_electromenager_et_de_mat_audio_video,7
92,Clamart,921,magasin_d_electromenager_et_de_mat_audio_video,8
77,Bussy-Saint-Georges,775,magasin_d_electromenager_et_de_mat_audio_video,2
94,Vincennes,942,magasin_d_electromenager_et_de_mat_audio_video,7
77,Cesson,772,magasin_d_electromenager_et_de_mat_audio_video,1
95,Ézanville,952,magasin_d_electromenager_et_de_mat_audio_video,1
95,Frémécourt,953,magasin_d_electromenager_et_de_mat_audio_video,1
93,Aubervilliers,933,magasin_d_electromenager_et_de_mat_audio_video,11
95,La Frette-sur-Seine,951,magasin_d_electromenager_et_de_mat_audio_video,1
93,Saint-Ouen,933,magasin_d_electromenager_et_de_mat_audio_video,10
75,Paris 16e Arrondissement,751,magasin_d_electromenager_et_de_mat_audio_video,36
91,Longjumeau,913,magasin_d_electromenager_et_de_mat_audio_video,2
77,Souppes-sur-Loing,774,magasin_d_electromenager_et_de_mat_audio_video,1
78,Les Mureaux,781,magasin_d_electromenager_et_de_mat_audio_video,1
91,Gometz-le-Châtel,913,magasin_d_electromenager_et_de_mat_audio_video,1
91,Orsay,913,magasin_d_electromenager_et_de_mat_audio_video,2
75,Paris 17e Arrondissement,751,magasin_d_electromenager_et_de_mat_audio_video,40
92,Bourg-la-Reine,921,magasin_d_electromenager_et_de_mat_audio_video,1
77,Mauregard,771,magasin_d_electromenager_et_de_mat_audio_video,1
92,Châtillon,921,magasin_d_electromenager_et_de_mat_audio_video,2
94,Arcueil,943,magasin_d_electromenager_et_de_mat_audio_video,2
78,Conflans-Sainte-Honorine,783,magasin_d_electromenager_et_de_mat_audio_video,1
95,Cergy,953,magasin_d_electromenager_et_de_mat_audio_video,9
77,Claye-Souilly,775,magasin_d_electromenager_et_de_mat_audio_video,4
78,Achères,783,magasin_d_electromenager_et_de_mat_audio_video,1
78,Les Clayes-sous-Bois,784,magasin_d_electromenager_et_de_mat_audio_video,3
93,Noisy-le-Sec,931,magasin_d_electromenager_et_de_mat_audio_video,3
77,Couilly-Pont-aux-Dames,771,magasin_d_electromenager_et_de_mat_audio_video,1
92,Sceaux,921,magasin_d_electromenager_et_de_mat_audio_video,3
93,Bagnolet,931,magasin_d_electromenager_et_de_mat_audio_video,5
78,Magnanville,781,magasin_d_electromenager_et_de_mat_audio_video,1
92,Rueil-Malmaison,922,magasin_d_electromenager_et_de_mat_audio_video,6
77,Combs-la-Ville,772,magasin_d_electromenager_et_de_mat_audio_video,1
94,Saint-Maur-des-Fossés,941,magasin_d_electromenager_et_de_mat_audio_video,9
78,Saint-Germain-en-Laye,783,magasin_d_electromenager_et_de_mat_audio_video,13
77,Saint-Germain-sur-Morin,771,magasin_d_electromenager_et_de_mat_audio_video,2
93,Villepinte,932,magasin_d_electromenager_et_de_mat_audio_video,2
95,Jouy-le-Moutier,953,magasin_d_electromenager_et_de_mat_audio_video,2
75,Paris 20e Arrondissement,751,magasin_d_electromenager_et_de_mat_audio_video,49
78,Maurepas,782,magasin_d_electromenager_et_de_mat_audio_video,3
78,Montfort-l'Amaury,782,magasin_d_electromenager_et_de_mat_audio_video,1
95,L'Isle-Adam,953,magasin_d_electromenager_et_de_mat_audio_video,1
95,Magny-en-Vexin,953,magasin_d_electromenager_et_de_mat_audio_video,2
91,Lardy,911,magasin_d_electromenager_et_de_mat_audio_video,1
75,Paris 5e Arrondissement,751,magasin_d_electromenager_et_de_mat_audio_video,15
77,Quincy-Voisins,771,magasin_d_electromenager_et_de_mat_audio_video,1
78,Maisons-Laffitte,783,magasin_d_electromenager_et_de_mat_audio_video,1
93,Gagny,932,magasin_d_electromenager_et_de_mat_audio_video,1
77,Mormant,772,magasin_d_electromenager_et_de_mat_audio_video,1
91,Lisses,912,magasin_d_electromenager_et_de_mat_audio_video,1
78,Bailly,783,magasin_d_electromenager_et_de_mat_audio_video,1
77,Rumont,774,magasin_d_electromenager_et_de_mat_audio_video,1
95,Vauréal,953,magasin_d_electromenager_et_de_mat_audio_video,2
77,Lésigny,772,magasin_d_electromenager_et_de_mat_audio_video,1
91,Saulx-les-Chartreux,913,magasin_d_electromenager_et_de_mat_audio_video,1
78,Orgeval,783,magasin_d_electromenager_et_de_mat_audio_video,3
78,Montigny-le-Bretonneux,784,magasin_d_electromenager_et_de_mat_audio_video,3
91,Forges-les-Bains,913,magasin_d_electromenager_et_de_mat_audio_video,1
91,Corbeil-Essonnes,912,magasin_d_electromenager_et_de_mat_audio_video,1
75,Paris 18e Arrondissement,751,magasin_d_electromenager_et_de_mat_audio_video,59
91,Longpont-sur-Orge,913,magasin_d_electromenager_et_de_mat_audio_video,1
77,Meaux,771,magasin_d_electromenager_et_de_mat_audio_video,15
92,Clichy,922,magasin_d_electromenager_et_de_mat_audio_video,11
94,Villeneuve-Saint-Georges,941,magasin_d_electromenager_et_de_mat_audio_video,4
94,Le Perreux-sur-Marne,942,magasin_d_electromenager_et_de_mat_audio_video,1
78,Houilles,783,magasin_d_electromenager_et_de_mat_audio_video,3
92,Issy-les-Moulineaux,923,magasin_d_electromenager_et_de_mat_audio_video,4
77,La Ferté-Gaucher,773,magasin_d_electromenager_et_de_mat_audio_video,3
78,Carrières-sur-Seine,783,magasin_d_electromenager_et_de_mat_audio_video,1
91,Boissy-sous-Saint-Yon,911,magasin_d_electromenager_et_de_mat_audio_video,1
92,Malakoff,921,magasin_d_electromenager_et_de_mat_audio_video,4
94,Sucy-en-Brie,941,magasin_d_electromenager_et_de_mat_audio_video,1
75,Paris 6e Arrondissement,751,magasin_d_electromenager_et_de_mat_audio_video,8
77,Coulommiers,771,magasin_d_electromenager_et_de_mat_audio_video,8
95,Bessancourt,953,magasin_d_electromenager_et_de_mat_audio_video,1
95,Enghien-les-Bains,952,magasin_d_electromenager_et_de_mat_audio_video,4
91,Itteville,911,magasin_d_electromenager_et_de_mat_audio_video,1
94,Saint-Maurice,941,magasin_d_electromenager_et_de_mat_audio_video,2
77,Servon,772,magasin_d_electromenager_et_de_mat_audio_video,1
95,Montmorency,952,magasin_d_electromenager_et_de_mat_audio_video,2
95,Le Thillay,952,magasin_d_electromenager_et_de_mat_audio_video,3
91,Dourdan,911,magasin_d_electromenager_et_de_mat_audio_video,1
95,Roissy-en-France,952,magasin_d_electromenager_et_de_mat_audio_video,2
78,Mantes-la-Jolie,781,magasin_d_electromenager_et_de_mat_audio_video,8
93,Bondy,931,magasin_d_electromenager_et_de_mat_audio_video,3
91,Athis-Mons,913,magasin_d_electromenager_et_de_mat_audio_video,4
95,Franconville,953,magasin_d_electromenager_et_de_mat_audio_video,4
91,Évry,912,magasin_d_electromenager_et_de_mat_audio_video,5
77,Mitry-Mory,771,magasin_d_electromenager_et_de_mat_audio_video,2
94,Villeneuve-le-Roi,941,magasin_d_electromenager_et_de_mat_audio_video,1
75,Paris 8e Arrondissement,751,magasin_d_electromenager_et_de_mat_audio_video,45
77,Lieusaint,772,magasin_d_electromenager_et_de_mat_audio_video,2
91,Morsang-sur-Orge,912,magasin_d_electromenager_et_de_mat_audio_video,2
91,Angerville,911,magasin_d_electromenager_et_de_mat_audio_video,1
75,Paris 14e Arrondissement,751,magasin_d_electromenager_et_de_mat_audio_video,18
75,Paris 11e Arrondissement,751,magasin_d_electromenager_et_de_mat_audio_video,60
77,Villeneuve-le-Comte,773,magasin_d_electromenager_et_de_mat_audio_video,1
91,Villebon-sur-Yvette,913,magasin_d_electromenager_et_de_mat_audio_video,4
94,Champigny-sur-Marne,942,magasin_d_electromenager_et_de_mat_audio_video,6
94,Fontenay-sous-Bois,942,magasin_d_electromenager_et_de_mat_audio_video,5
75,Paris 15e Arrondissement,751,magasin_d_electromenager_et_de_mat_audio_video,43
77,Serris,775,magasin_d_electromenager_et_de_mat_audio_video,2
78,Houdan,781,magasin_d_electromenager_et_de_mat_audio_video,1
78,Gargenville,781,magasin_d_electromenager_et_de_mat_audio_video,2
95,Soisy-sous-Montmorency,952,magasin_d_electromenager_et_de_mat_audio_video,1
78,Maule,781,magasin_d_electromenager_et_de_mat_audio_video,1
77,Varennes-sur-Seine,773,magasin_d_electromenager_et_de_mat_audio_video,2
78,Meulan-en-Yvelines,781,magasin_d_electromenager_et_de_mat_audio_video,2
91,Étampes,911,magasin_d_electromenager_et_de_mat_audio_video,5
77,Fontenailles,772,magasin_d_electromenager_et_de_mat_audio_video,1
92,La Garenne-Colombes,922,magasin_d_electromenager_et_de_mat_audio_video,6
93,Rosny-sous-Bois,931,magasin_d_electromenager_et_de_mat_audio_video,10
77,Villiers-en-Bière,772,magasin_d_electromenager_et_de_mat_audio_video,3
93,Neuilly-Plaisance,932,magasin_d_electromenager_et_de_mat_audio_video,1
93,Le Pré-Saint-Gervais,931,magasin_d_electromenager_et_de_mat_audio_video,1
93,Vaujours,932,magasin_d_electromenager_et_de_mat_audio_video,1
94,Créteil,941,magasin_d_electromenager_et_de_mat_audio_video,11
78,Marcq,782,magasin_d_electromenager_et_de_mat_audio_video,1
92,Levallois-Perret,922,magasin_d_electromenager_et_de_mat_audio_video,16
95,Viarmes,952,magasin_d_electromenager_et_de_mat_audio_video,3
95,Arnouville,952,magasin_d_electromenager_et_de_mat_audio_video,2
77,Croissy-Beaubourg,775,magasin_d_electromenager_et_de_mat_audio_video,1
78,La Celle-Saint-Cloud,783,magasin_d_electromenager_et_de_mat_audio_video,4
77,Aubepierre-Ozouer-le-Repos,772,magasin_d_electromenager_et_de_mat_audio_video,1
77,Montereau-Fault-Yonne,773,magasin_d_electromenager_et_de_mat_audio_video,5
78,Chambourcy,783,magasin_d_electromenager_et_de_mat_audio_video,1
91,Boissy-la-Rivière,911,magasin_d_electromenager_et_de_mat_audio_video,1
91,Palaiseau,913,magasin_d_electromenager_et_de_mat_audio_video,4
95,Sarcelles,952,magasin_d_electromenager_et_de_mat_audio_video,4
77,Vaux-le-Pénil,772,magasin_d_electromenager_et_de_mat_audio_video,1
77,Montigny-sur-Loing,774,magasin_d_electromenager_et_de_mat_audio_video,1
95,Villiers-le-Bel,952,magasin_d_electromenager_et_de_mat_audio_video,3
93,Aulnay-sous-Bois,932,magasin_d_electromenager_et_de_mat_audio_video,7
91,La Ville-du-Bois,913,magasin_d_electromenager_et_de_mat_audio_video,2
95,Pierrelaye,953,magasin_d_electromenager_et_de_mat_audio_video,3
91,Verrières-le-Buisson,913,magasin_d_electromenager_et_de_mat_audio_video,1
91,Draveil,912,magasin_d_electromenager_et_de_mat_audio_video,1
92,Villeneuve-la-Garenne,922,magasin_d_electromenager_et_de_mat_audio_video,2
94,Fresnes,943,magasin_d_electromenager_et_de_mat_audio_video,2
75,Paris 9e Arrondissement,751,magasin_d_electromenager_et_de_mat_audio_video,50
77,Pontault-Combault,775,magasin_d_electromenager_et_de_mat_audio_video,3
78,Flins-sur-Seine,781,magasin_d_electromenager_et_de_mat_audio_video,1
78,Montesson,783,magasin_d_electromenager_et_de_mat_audio_video,3
94,Ivry-sur-Seine,941,magasin_d_electromenager_et_de_mat_audio_video,17
77,Étrépilly,771,magasin_d_electromenager_et_de_mat_audio_video,1
91,Saint-Michel-sur-Orge,913,magasin_d_electromenager_et_de_mat_audio_video,2
92,Châtenay-Malabry,921,magasin_d_electromenager_et_de_mat_audio_video,3
93,Bobigny,931,magasin_d_electromenager_et_de_mat_audio_video,5
95,Bezons,951,magasin_d_electromenager_et_de_mat_audio_video,2
95,Goussainville,952,magasin_d_electromenager_et_de_mat_audio_video,2
78,Sartrouville,783,magasin_d_electromenager_et_de_mat_audio_video,3
95,Ermont,953,magasin_d_electromenager_et_de_mat_audio_video,1
95,Saint-Brice-sous-Forêt,952,magasin_d_electromenager_et_de_mat_audio_video,3
93,Noisy-le-Grand,932,magasin_d_electromenager_et_de_mat_audio_video,10
95,Sannois,951,magasin_d_electromenager_et_de_mat_audio_video,3
92,Meudon,923,magasin_d_electromenager_et_de_mat_audio_video,5
95,Saint-Leu-la-Forêt,953,magasin_d_electromenager_et_de_mat_audio_video,2
94,Saint-Mandé,942,magasin_d_electromenager_et_de_mat_audio_video,2
77,Émerainville,775,magasin_d_electromenager_et_de_mat_audio_video,1
94,Vitry-sur-Seine,941,magasin_d_electromenager_et_de_mat_audio_video,6
92,Colombes,922,magasin_d_electromenager_et_de_mat_audio_video,4
78,Chanteloup-les-Vignes,783,magasin_d_electromenager_et_de_mat_audio_video,1
78,Trappes,784,magasin_d_electromenager_et_de_mat_audio_video,2
93,Montfermeil,932,magasin_d_electromenager_et_de_mat_audio_video,1
77,Moussy-le-Neuf,771,magasin_d_electromenager_et_de_mat_audio_video,3
78,Chatou,783,magasin_d_electromenager_et_de_mat_audio_video,1
78,Triel-sur-Seine,783,magasin_d_electromenager_et_de_mat_audio_video,1
91,Saint-Pierre-du-Perray,912,magasin_d_electromenager_et_de_mat_audio_video,1
91,Villabé,912,magasin_d_electromenager_et_de_mat_audio_video,1
78,Vernouillet,783,magasin_d_electromenager_et_de_mat_audio_video,1
91,Brunoy,912,magasin_d_electromenager_et_de_mat_audio_video,2
92,Nanterre,922,magasin_d_electromenager_et_de_mat_audio_video,9
77,Pomponne,775,magasin_d_electromenager_et_de_mat_audio_video,1
91,Linas,913,magasin_d_electromenager_et_de_mat_audio_video,1
78,Morainvilliers,783,magasin_d_electromenager_et_de_mat_audio_video,1
78,Versailles,784,magasin_d_electromenager_et_de_mat_audio_video,13
91,Morangis,913,magasin_d_electromenager_et_de_mat_audio_video,2
77,Faremoutiers,771,magasin_d_electromenager_et_de_mat_audio_video,1
92,Garches,922,magasin_d_electromenager_et_de_mat_audio_video,3
95,Éragny,953,magasin_d_electromenager_et_de_mat_audio_video,3
91,Fleury-Mérogis,912,magasin_d_electromenager_et_de_mat_audio_video,2
77,Château-Landon,774,magasin_d_electromenager_et_de_mat_audio_video,1
78,Oinville-sur-Montcient,781,magasin_d_electromenager_et_de_mat_audio_video,1
77,La Ferté-sous-Jouarre,771,magasin_d_electromenager_et_de_mat_audio_video,1
78,Jouy-en-Josas,784,magasin_d_electromenager_et_de_mat_audio_video,1
77,Melun,772,magasin_d_electromenager_et_de_mat_audio_video,6
95,Gonesse,952,magasin_d_electromenager_et_de_mat_audio_video,4
93,Montreuil,931,magasin_d_electromenager_et_de_mat_audio_video,16
77,Provins,773,magasin_d_electromenager_et_de_mat_audio_video,4
94,Choisy-le-Roi,941,magasin_d_electromenager_et_de_mat_audio_video,4
94,Villecresnes,941,magasin_d_electromenager_et_de_mat_audio_video,1
95,Osny,953,magasin_d_electromenager_et_de_mat_audio_video,1
78,Guyancourt,784,magasin_d_electromenager_et_de_mat_audio_video,1
94,La Queue-en-Brie,942,magasin_d_electromenager_et_de_mat_audio_video,1
93,Stains,933,magasin_d_electromenager_et_de_mat_audio_video,2
77,Bernay-Vilbert,773,magasin_d_electromenager_et_de_mat_audio_video,1
92,Vaucresson,923,magasin_d_electromenager_et_de_mat_audio_video,1
95,Cormeilles-en-Parisis,951,magasin_d_electromenager_et_de_mat_audio_video,1
78,Rosny-sur-Seine,781,magasin_d_electromenager_et_de_mat_audio_video,1
91,Brétigny-sur-Orge,913,magasin_d_electromenager_et_de_mat_audio_video,2
94,Nogent-sur-Marne,942,magasin_d_electromenager_et_de_mat_audio_video,9
78,Jouars-Pontchartrain,782,magasin_d_electromenager_et_de_mat_audio_video,2
95,Boisemont,953,magasin_d_electromenager_et_de_mat_audio_video,1
91,Gif-sur-Yvette,913,magasin_d_electromenager_et_de_mat_audio_video,1
95,Piscop,952,magasin_d_electromenager_et_de_mat_audio_video,1
94,Bonneuil-sur-Marne,941,magasin_d_electromenager_et_de_mat_audio_video,4
92,Puteaux,922,magasin_d_electromenager_et_de_mat_audio_video,13
75,Paris 2e Arrondissement,751,magasin_d_electromenager_et_de_mat_audio_video,12
91,Igny,913,magasin_d_electromenager_et_de_mat_audio_video,2
77,Champagne-sur-Seine,774,magasin_d_electromenager_et_de_mat_audio_video,1
77,Grez-sur-Loing,774,magasin_d_electromenager_et_de_mat_audio_video,1
77,Savigny-le-Temple,772,magasin_d_electromenager_et_de_mat_audio_video,1
78,Le Vésinet,783,magasin_d_electromenager_et_de_mat_audio_video,1
78,Gazeran,782,magasin_d_electromenager_et_de_mat_audio_video,1
78,Mantes-la-Ville,781,magasin_d_electromenager_et_de_mat_audio_video,1
91,Ris-Orangis,912,magasin_d_electromenager_et_de_mat_audio_video,6
94,Joinville-le-Pont,942,magasin_d_electromenager_et_de_mat_audio_video,2
93,La Courneuve,933,magasin_d_electromenager_et_de_mat_audio_video,5
77,Nangis,773,magasin_d_electromenager_et_de_mat_audio_video,1
92,Sèvres,923,magasin_d_electromenager_et_de_mat_audio_video,2
93,Saint-Denis,933,magasin_d_electromenager_et_de_mat_audio_video,14
91,Champlan,913,magasin_d_electromenager_et_de_mat_audio_video,1
93,Tremblay-en-France,932,magasin_d_electromenager_et_de_mat_audio_video,1
91,Vaugrigneuse,913,magasin_d_electromenager_et_de_mat_audio_video,1
95,Eaubonne,953,magasin_d_electromenager_et_de_mat_audio_video,1
77,Brie-Comte-Robert,772,magasin_d_electromenager_et_de_mat_audio_video,3
91,Les Ulis,913,magasin_d_electromenager_et_de_mat_audio_video,3
93,Pierrefitte-sur-Seine,933,magasin_d_electromenager_et_de_mat_audio_video,1
93,Épinay-sur-Seine,933,magasin_d_electromenager_et_de_mat_audio_video,2
91,Montlhéry,913,magasin_d_electromenager_et_de_mat_audio_video,1
77,Villeparisis,775,magasin_d_electromenager_et_de_mat_audio_video,3
75,Paris 7e Arrondissement,751,magasin_d_electromenager_et_de_mat_audio_video,10
92,Vanves,921,magasin_d_electromenager_et_de_mat_audio_video,2
91,Chilly-Mazarin,913,magasin_d_electromenager_et_de_mat_audio_video,1
78,Mondreville,781,magasin_d_electromenager_et_de_mat_audio_video,1
77,Nemours,774,magasin_d_electromenager_et_de_mat_audio_video,1
92,Courbevoie,922,magasin_d_electromenager_et_de_mat_audio_video,4
91,Sainte-Geneviève-des-Bois,913,magasin_d_electromenager_et_de_mat_audio_video,8
75,Paris 12e Arrondissement,751,magasin_d_electromenager_et_de_mat_audio_video,39
95,Deuil-la-Barre,952,magasin_d_electromenager_et_de_mat_audio_video,1
95,Ennery,953,magasin_d_electromenager_et_de_mat_audio_video,1
95,Écouen,952,magasin_d_electromenager_et_de_mat_audio_video,1
77,Fontaine-Fourches,773,magasin_d_electromenager_et_de_mat_audio_video,1
77,Bray-sur-Seine,773,magasin_d_electromenager_et_de_mat_audio_video,1
95,Argenteuil,951,magasin_d_electromenager_et_de_mat_audio_video,15
75,Paris 19e Arrondissement,751,magasin_d_electromenager_et_de_mat_audio_video,26
94,Orly,941,magasin_d_electromenager_et_de_mat_audio_video,2
77,Nantouillet,771,magasin_d_electromenager_et_de_mat_audio_video,1
94,Le Kremlin-Bicêtre,943,magasin_d_electromenager_et_de_mat_audio_video,3
91,Viry-Châtillon,912,magasin_d_electromenager_et_de_mat_audio_video,1
78,Aubergenville,781,magasin_d_electromenager_et_de_mat_audio_video,3
95,Le Plessis-Bouchard,953,magasin_d_electromenager_et_de_mat_audio_video,1
91,Massy,913,magasin_d_electromenager_et_de_mat_audio_video,4
78,Le Chesnay,784,magasin_d_electromenager_et_de_mat_audio_video,4
77,Voulx,774,magasin_d_electromenager_et_de_mat_audio_video,1
91,Cerny,911,magasin_d_electromenager_et_de_mat_audio_video,1
77,Compans,771,magasin_d_electromenager_et_de_mat_audio_video,1
78,Buchelay,781,magasin_d_electromenager_et_de_mat_audio_video,2
93,Romainville,931,magasin_d_electromenager_et_de_mat_audio_video,1
91,Courcouronnes,912,magasin_d_electromenager_et_de_mat_audio_video,3
93,Gournay-sur-Marne,932,magasin_d_electromenager_et_de_mat_audio_video,1
92,Suresnes,922,magasin_d_electromenager_et_de_mat_audio_video,5
77,Valence-en-Brie,772,magasin_d_electromenager_et_de_mat_audio_video,1
91,Grigny,912,magasin_d_electromenager_et_de_mat_audio_video,4
94,Limeil-Brévannes,941,magasin_d_electromenager_et_de_mat_audio_video,1
92,Antony,921,magasin_d_electromenager_et_de_mat_audio_video,8
77,Dammartin-en-Goële,771,magasin_d_electromenager_et_de_mat_audio_video,2
77,Roissy-en-Brie,775,magasin_d_electromenager_et_de_mat_audio_video,2
78,Plaisir,784,magasin_d_electromenager_et_de_mat_audio_video,3
77,Chelles,775,magasin_d_electromenager_et_de_mat_audio_video,9
91,Milly-la-Forêt,912,magasin_d_electromenager_et_de_mat_audio_video,1
77,Évry-Grégy-sur-Yerre,772,magasin_d_electromenager_et_de_mat_audio_video,1
95,Saint-Gratien,952,magasin_d_electromenager_et_de_mat_audio_video,3
93,Pantin,931,magasin_d_electromenager_et_de_mat_audio_video,8
94,Gentilly,943,magasin_d_electromenager_et_de_mat_audio_video,2
92,Gennevilliers,922,magasin_d_electromenager_et_de_mat_audio_video,2
92,Saint-Cloud,923,magasin_d_electromenager_et_de_mat_audio_video,5
93,Le Bourget,931,magasin_d_electromenager_et_de_mat_audio_video,2
92,Asnières-sur-Seine,922,magasin_d_electromenager_et_de_mat_audio_video,13
92,Bagneux,921,magasin_d_electromenager_et_de_mat_audio_video,3
94,Thiais,943,magasin_d_electromenager_et_de_mat_audio_video,7
77,Mouroux,771,magasin_d_electromenager_et_de_mat_audio_video,1
91,Mennecy,912,magasin_d_electromenager_et_de_mat_audio_video,2
94,Maisons-Alfort,941,magasin_d_electromenager_et_de_mat_audio_video,5
95,Saint-Ouen-l'Aumône,953,magasin_d_electromenager_et_de_mat_audio_video,3
91,Arpajon,913,magasin_d_electromenager_et_de_mat_audio_video,1
94,Alfortville,941,magasin_d_electromenager_et_de_mat_audio_video,3
77,Lognes,775,magasin_d_electromenager_et_de_mat_audio_video,3
75,Paris 4e Arrondissement,751,magasin_d_electromenager_et_de_mat_audio_video,12
75,Paris 13e Arrondissement,751,magasin_d_electromenager_et_de_mat_audio_video,28
91,Paray-Vieille-Poste,913,magasin_d_electromenager_et_de_mat_audio_video,1
91,Montgeron,912,magasin_d_electromenager_et_de_mat_audio_video,2
78,Chevreuse,782,magasin_d_electromenager_et_de_mat_audio_video,1
75,Paris 10e Arrondissement,751,magasin_d_electromenager_et_de_mat_audio_video,53
93,Livry-Gargan,932,magasin_d_electromenager_et_de_mat_audio_video,5
78,Le Perray-en-Yvelines,782,magasin_d_electromenager_et_de_mat_audio_video,2
77,Champs-sur-Marne,775,magasin_d_electromenager_et_de_mat_audio_video,1
94,Bry-sur-Marne,942,magasin_d_electromenager_et_de_mat_audio_video,1
94,Santeny,941,magasin_de_meubles,1
77,Lagny-sur-Marne,775,magasin_de_meubles,5
91,Savigny-sur-Orge,913,magasin_de_meubles,2
93,Villemomble,931,magasin_de_meubles,3
95,Avernes,953,magasin_de_meubles,1
77,Fontains,773,magasin_de_meubles,1
78,Saint-Cyr-l'École,784,magasin_de_meubles,2
91,La Ferté-Alais,911,magasin_de_meubles,1
77,Perthes,772,magasin_de_meubles,1
92,Bois-Colombes,922,magasin_de_meubles,3
91,Saint-Yon,911,magasin_de_meubles,1
94,Mandres-les-Roses,941,magasin_de_meubles,1
78,Coignières,782,magasin_de_meubles,32
93,Neuilly-sur-Marne,932,magasin_de_meubles,1
78,Louveciennes,783,magasin_de_meubles,1
77,Sept-Sorts,771,magasin_de_meubles,1
77,Torcy,775,magasin_de_meubles,5
92,Boulogne-Billancourt,923,magasin_de_meubles,31
77,Vaires-sur-Marne,775,magasin_de_meubles,1
78,Poissy,783,magasin_de_meubles,7
91,Juvisy-sur-Orge,913,magasin_de_meubles,3
93,Le Blanc-Mesnil,932,magasin_de_meubles,5
95,Montigny-lès-Cormeilles,951,magasin_de_meubles,11
77,Mareuil-lès-Meaux,771,magasin_de_meubles,2
77,Solers,772,magasin_de_meubles,1
95,Pontoise,953,magasin_de_meubles,3
77,Montévrain,775,magasin_de_meubles,11
93,Les Pavillons-sous-Bois,931,magasin_de_meubles,8
77,Poincy,771,magasin_de_meubles,1
77,Fontainebleau,774,magasin_de_meubles,8
75,Paris 3e Arrondissement,751,magasin_de_meubles,32
77,Thorigny-sur-Marne,775,magasin_de_meubles,1
78,Saint-Arnoult-en-Yvelines,782,magasin_de_meubles,1
95,Herblay,951,magasin_de_meubles,20
95,Beaumont-sur-Oise,953,magasin_de_meubles,1
75,Paris 1er Arrondissement,751,magasin_de_meubles,33
78,Vélizy-Villacoublay,784,magasin_de_meubles,22
93,Sevran,932,magasin_de_meubles,1
91,Fontenay-le-Vicomte,912,magasin_de_meubles,2
95,Fosses,952,magasin_de_meubles,1
78,Épône,781,magasin_de_meubles,2
77,Saint-Soupplets,771,magasin_de_meubles,1
91,Quincy-sous-Sénart,912,magasin_de_meubles,1
91,Saclay,913,magasin_de_meubles,1
94,Charenton-le-Pont,941,magasin_de_meubles,1
77,Saint-Thibault-des-Vignes,775,magasin_de_meubles,4
78,Beynes,782,magasin_de_meubles,1
77,Esbly,771,magasin_de_meubles,1
92,Montrouge,921,magasin_de_meubles,3
91,Méréville,911,magasin_de_meubles,1
94,Villejuif,943,magasin_de_meubles,4
93,Drancy,931,magasin_de_meubles,7
77,Coutevroult,771,magasin_de_meubles,1
94,Villiers-sur-Marne,942,magasin_de_meubles,5
77,Saint-Germain-sur-École,772,magasin_de_meubles,1
78,Rambouillet,782,magasin_de_meubles,6
95,Seraincourt,953,magasin_de_meubles,1
91,Nozay,913,magasin_de_meubles,1
92,Neuilly-sur-Seine,922,magasin_de_meubles,16
92,Clamart,921,magasin_de_meubles,4
77,Bussy-Saint-Georges,775,magasin_de_meubles,2
94,Vincennes,942,magasin_de_meubles,5
77,Cesson,772,magasin_de_meubles,19
77,Thomery,774,magasin_de_meubles,1
91,Morigny-Champigny,911,magasin_de_meubles,1
95,Ézanville,952,magasin_de_meubles,8
93,Aubervilliers,933,magasin_de_meubles,6
93,Saint-Ouen,933,magasin_de_meubles,13
75,Paris 16e Arrondissement,751,magasin_de_meubles,60
78,Les Mureaux,781,magasin_de_meubles,3
91,Orsay,913,magasin_de_meubles,4
78,Viroflay,784,magasin_de_meubles,2
75,Paris 17e Arrondissement,751,magasin_de_meubles,72
92,Bourg-la-Reine,921,magasin_de_meubles,2
93,Le Raincy,932,magasin_de_meubles,2
92,Châtillon,921,magasin_de_meubles,5
94,Arcueil,943,magasin_de_meubles,1
78,Conflans-Sainte-Honorine,783,magasin_de_meubles,3
95,Cergy,953,magasin_de_meubles,4
77,Claye-Souilly,775,magasin_de_meubles,9
78,Achères,783,magasin_de_meubles,1
78,Les Clayes-sous-Bois,784,magasin_de_meubles,6
93,Noisy-le-Sec,931,magasin_de_meubles,2
92,Sceaux,921,magasin_de_meubles,3
77,Pringy,772,magasin_de_meubles,3
93,Bagnolet,931,magasin_de_meubles,7
78,Magnanville,781,magasin_de_meubles,1
92,Rueil-Malmaison,922,magasin_de_meubles,10
94,Saint-Maur-des-Fossés,941,magasin_de_meubles,19
77,Courtry,775,magasin_de_meubles,1
78,Saint-Germain-en-Laye,783,magasin_de_meubles,11
78,Auffreville-Brasseuil,781,magasin_de_meubles,1
93,Villepinte,932,magasin_de_meubles,1
95,Jouy-le-Moutier,953,magasin_de_meubles,1
75,Paris 20e Arrondissement,751,magasin_de_meubles,36
78,Maurepas,782,magasin_de_meubles,3
95,L'Isle-Adam,953,magasin_de_meubles,4
95,Magny-en-Vexin,953,magasin_de_meubles,2
77,Saint-Ouen-sur-Morin,773,magasin_de_meubles,1
91,Lardy,911,magasin_de_meubles,1
75,Paris 5e Arrondissement,751,magasin_de_meubles,19
93,Gagny,932,magasin_de_meubles,1
91,Lisses,912,magasin_de_meubles,4
95,Vauréal,953,magasin_de_meubles,1
94,Valenton,941,magasin_de_meubles,6
95,Montmagny,952,magasin_de_meubles,1
77,Lésigny,772,magasin_de_meubles,1
95,Taverny,953,magasin_de_meubles,2
78,Orgeval,783,magasin_de_meubles,27
78,Montigny-le-Bretonneux,784,magasin_de_meubles,2
77,Ozoir-la-Ferrière,775,magasin_de_meubles,2
91,Corbeil-Essonnes,912,magasin_de_meubles,6
75,Paris 18e Arrondissement,751,magasin_de_meubles,28
95,Garges-lès-Gonesse,952,magasin_de_meubles,5
91,Crosne,912,magasin_de_meubles,5
77,Meaux,771,magasin_de_meubles,5
92,Clichy,922,magasin_de_meubles,11
78,Bullion,782,magasin_de_meubles,1
94,Villeneuve-Saint-Georges,941,magasin_de_meubles,4
94,Le Perreux-sur-Marne,942,magasin_de_meubles,1
78,Houilles,783,magasin_de_meubles,4
92,Issy-les-Moulineaux,923,magasin_de_meubles,5
77,La Ferté-Gaucher,773,magasin_de_meubles,2
92,Malakoff,921,magasin_de_meubles,11
94,Sucy-en-Brie,941,magasin_de_meubles,5
75,Paris 6e Arrondissement,751,magasin_de_meubles,45
77,Coulommiers,771,magasin_de_meubles,10
77,Brou-sur-Chantereine,775,magasin_de_meubles,1
77,Le Châtelet-en-Brie,772,magasin_de_meubles,1
95,Bessancourt,953,magasin_de_meubles,1
95,Enghien-les-Bains,952,magasin_de_meubles,4
94,Saint-Maurice,941,magasin_de_meubles,1
77,Servon,772,magasin_de_meubles,1
93,Villetaneuse,933,magasin_de_meubles,1
95,Montmorency,952,magasin_de_meubles,3
91,Dourdan,911,magasin_de_meubles,1
95,Roissy-en-France,952,magasin_de_meubles,3
78,Mantes-la-Jolie,781,magasin_de_meubles,6
95,Moisselles,952,magasin_de_meubles,1
93,Bondy,931,magasin_de_meubles,10
91,Athis-Mons,913,magasin_de_meubles,6
78,Croissy-sur-Seine,783,magasin_de_meubles,1
77,Jouy-le-Châtel,773,magasin_de_meubles,1
95,Franconville,953,magasin_de_meubles,3
91,Évry,912,magasin_de_meubles,3
77,Mitry-Mory,771,magasin_de_meubles,1
78,Hardricourt,781,magasin_de_meubles,1
94,Villeneuve-le-Roi,941,magasin_de_meubles,2
75,Paris 8e Arrondissement,751,magasin_de_meubles,68
77,Germigny-l'Évêque,771,magasin_de_meubles,1
91,Morsang-sur-Orge,912,magasin_de_meubles,3
91,Angerville,911,magasin_de_meubles,5
93,Les Lilas,931,magasin_de_meubles,3
75,Paris 14e Arrondissement,751,magasin_de_meubles,37
77,Longueville,773,magasin_de_meubles,1
75,Paris 11e Arrondissement,751,magasin_de_meubles,99
77,Chailly-en-Bière,772,magasin_de_meubles,1
91,Le Coudray-Montceaux,912,magasin_de_meubles,1
91,Villebon-sur-Yvette,913,magasin_de_meubles,6
94,Champigny-sur-Marne,942,magasin_de_meubles,9
94,Fontenay-sous-Bois,942,magasin_de_meubles,3
75,Paris 15e Arrondissement,751,magasin_de_meubles,60
77,Serris,775,magasin_de_meubles,7
78,Houdan,781,magasin_de_meubles,1
95,Soisy-sous-Montmorency,952,magasin_de_meubles,1
78,Bois-d'Arcy,784,magasin_de_meubles,1
77,Varennes-sur-Seine,773,magasin_de_meubles,5
78,Meulan-en-Yvelines,781,magasin_de_meubles,2
91,Étampes,911,magasin_de_meubles,4
77,Le Mée-sur-Seine,772,magasin_de_meubles,1
92,La Garenne-Colombes,922,magasin_de_meubles,2
93,Rosny-sous-Bois,931,magasin_de_meubles,30
77,Villiers-en-Bière,772,magasin_de_meubles,1
94,Créteil,941,magasin_de_meubles,13
77,Saint-Mard,771,magasin_de_meubles,2
92,Levallois-Perret,922,magasin_de_meubles,11
78,Gambais,781,magasin_de_meubles,1
77,Nanteuil-lès-Meaux,771,magasin_de_meubles,2
93,Clichy-sous-Bois,932,magasin_de_meubles,3
77,Chamigny,771,magasin_de_meubles,1
95,Puiseux-Pontoise,953,magasin_de_meubles,1
91,Villejust,913,magasin_de_meubles,1
95,Arnouville,952,magasin_de_meubles,2
78,La Celle-Saint-Cloud,783,magasin_de_meubles,1
77,Montereau-Fault-Yonne,773,magasin_de_meubles,2
78,Chambourcy,783,magasin_de_meubles,2
91,Palaiseau,913,magasin_de_meubles,1
78,Villepreux,783,magasin_de_meubles,1
95,Attainville,952,magasin_de_meubles,1
95,Sarcelles,952,magasin_de_meubles,15
95,Villiers-le-Bel,952,magasin_de_meubles,2
93,Aulnay-sous-Bois,932,magasin_de_meubles,5
91,La Ville-du-Bois,913,magasin_de_meubles,4
77,Esmans,773,magasin_de_meubles,1
95,Pierrelaye,953,magasin_de_meubles,16
77,Boissise-le-Roi,772,magasin_de_meubles,1
91,Verrières-le-Buisson,913,magasin_de_meubles,1
91,Draveil,912,magasin_de_meubles,6
93,Coubron,932,magasin_de_meubles,1
94,Fresnes,943,magasin_de_meubles,4
75,Paris 9e Arrondissement,751,magasin_de_meubles,32
77,Pontault-Combault,775,magasin_de_meubles,13
78,Flins-sur-Seine,781,magasin_de_meubles,1
78,Montesson,783,magasin_de_meubles,4
94,Ivry-sur-Seine,941,magasin_de_meubles,4
95,Chaumontel,952,magasin_de_meubles,2
91,Saint-Michel-sur-Orge,913,magasin_de_meubles,2
92,Châtenay-Malabry,921,magasin_de_meubles,2
93,Bobigny,931,magasin_de_meubles,4
95,Bezons,951,magasin_de_meubles,2
95,Goussainville,952,magasin_de_meubles,5
78,Sartrouville,783,magasin_de_meubles,4
77,Fublaines,771,magasin_de_meubles,1
95,Ermont,953,magasin_de_meubles,3
95,Saint-Brice-sous-Forêt,952,magasin_de_meubles,4
93,Noisy-le-Grand,932,magasin_de_meubles,5
77,Tancrou,771,magasin_de_meubles,1
95,Sannois,951,magasin_de_meubles,2
92,Meudon,923,magasin_de_meubles,4
91,Vigneux-sur-Seine,912,magasin_de_meubles,2
77,Noisy-Rudignon,774,magasin_de_meubles,1
95,Saint-Leu-la-Forêt,953,magasin_de_meubles,1
94,Saint-Mandé,942,magasin_de_meubles,1
77,Émerainville,775,magasin_de_meubles,5
78,Fontenay-le-Fleury,784,magasin_de_meubles,1
94,Vitry-sur-Seine,941,magasin_de_meubles,5
77,Chauffry,773,magasin_de_meubles,1
92,Colombes,922,magasin_de_meubles,10
78,Chanteloup-les-Vignes,783,magasin_de_meubles,1
78,Trappes,784,magasin_de_meubles,2
93,Montfermeil,932,magasin_de_meubles,2
77,Crécy-la-Chapelle,771,magasin_de_meubles,2
78,Andrésy,783,magasin_de_meubles,1
78,Chatou,783,magasin_de_meubles,3
77,Chanteloup-en-Brie,775,magasin_de_meubles,3
91,Villabé,912,magasin_de_meubles,2
78,Buc,784,magasin_de_meubles,2
91,Brunoy,912,magasin_de_meubles,4
92,Nanterre,922,magasin_de_meubles,6
95,Montgeroult,953,magasin_de_meubles,1
91,Linas,913,magasin_de_meubles,1
78,Versailles,784,magasin_de_meubles,23
95,Amenucourt,953,magasin_de_meubles,1
91,Morangis,913,magasin_de_meubles,2
77,Faremoutiers,771,magasin_de_meubles,2
78,Mittainville,782,magasin_de_meubles,2
92,Garches,922,magasin_de_meubles,1
95,Éragny,953,magasin_de_meubles,2
91,Fleury-Mérogis,912,magasin_de_meubles,5
77,La Ferté-sous-Jouarre,771,magasin_de_meubles,1
78,Jouy-en-Josas,784,magasin_de_meubles,2
77,Melun,772,magasin_de_meubles,7
91,Saint-Chéron,911,magasin_de_meubles,2
77,Favières,772,magasin_de_meubles,1
95,Gonesse,952,magasin_de_meubles,8
92,Chaville,923,magasin_de_meubles,3
93,Montreuil,931,magasin_de_meubles,13
77,Bagneaux-sur-Loing,774,magasin_de_meubles,1
77,Provins,773,magasin_de_meubles,3
91,Épinay-sous-Sénart,912,magasin_de_meubles,1
94,Villecresnes,941,magasin_de_meubles,1
77,Avon,774,magasin_de_meubles,1
95,Osny,953,magasin_de_meubles,4
78,Ecquevilly,781,magasin_de_meubles,2
78,Guyancourt,784,magasin_de_meubles,1
92,Fontenay-aux-Roses,921,magasin_de_meubles,1
94,La Queue-en-Brie,942,magasin_de_meubles,8
77,Trilport,771,magasin_de_meubles,1
93,Stains,933,magasin_de_meubles,1
91,Soisy-sur-École,912,magasin_de_meubles,1
92,Vaucresson,923,magasin_de_meubles,1
95,Cormeilles-en-Parisis,951,magasin_de_meubles,2
77,Sourdun,773,magasin_de_meubles,1
91,Brétigny-sur-Orge,913,magasin_de_meubles,3
94,Nogent-sur-Marne,942,magasin_de_meubles,8
91,Boutigny-sur-Essonne,911,magasin_de_meubles,1
91,Gif-sur-Yvette,913,magasin_de_meubles,1
94,Bonneuil-sur-Marne,941,magasin_de_meubles,3
92,Puteaux,922,magasin_de_meubles,8
75,Paris 2e Arrondissement,751,magasin_de_meubles,13
77,Savigny-le-Temple,772,magasin_de_meubles,4
78,Le Vésinet,783,magasin_de_meubles,4
78,Mantes-la-Ville,781,magasin_de_meubles,2
91,Ris-Orangis,912,magasin_de_meubles,1
94,Joinville-le-Pont,942,magasin_de_meubles,1
93,La Courneuve,933,magasin_de_meubles,4
77,Nangis,773,magasin_de_meubles,3
95,Champagne-sur-Oise,953,magasin_de_meubles,1
77,Boissy-le-Châtel,771,magasin_de_meubles,1
92,Sèvres,923,magasin_de_meubles,1
93,Saint-Denis,933,magasin_de_meubles,8
95,Saint-Witz,952,magasin_de_meubles,1
93,Tremblay-en-France,932,magasin_de_meubles,8
95,Auvers-sur-Oise,953,magasin_de_meubles,1
95,Eaubonne,953,magasin_de_meubles,3
77,Brie-Comte-Robert,772,magasin_de_meubles,5
91,Morsang-sur-Seine,912,magasin_de_meubles,1
91,Les Ulis,913,magasin_de_meubles,2
93,Pierrefitte-sur-Seine,933,magasin_de_meubles,7
93,Épinay-sur-Seine,933,magasin_de_meubles,5
91,Montlhéry,913,magasin_de_meubles,2
77,Vulaines-sur-Seine,774,magasin_de_meubles,1
91,Bièvres,913,magasin_de_meubles,1
77,Villeparisis,775,magasin_de_meubles,4
75,Paris 7e Arrondissement,751,magasin_de_meubles,86
91,Chilly-Mazarin,913,magasin_de_meubles,1
77,Saint-Pierre-lès-Nemours,774,magasin_de_meubles,2
91,Yerres,912,magasin_de_meubles,4
77,Magny-le-Hongre,775,magasin_de_meubles,1
77,Barbizon,772,magasin_de_meubles,2
77,Nemours,774,magasin_de_meubles,4
92,Courbevoie,922,magasin_de_meubles,4
91,Sainte-Geneviève-des-Bois,913,magasin_de_meubles,31
75,Paris 12e Arrondissement,751,magasin_de_meubles,72
95,Deuil-la-Barre,952,magasin_de_meubles,2
78,Adainville,781,magasin_de_meubles,1
95,Écouen,952,magasin_de_meubles,1
77,Vert-Saint-Denis,772,magasin_de_meubles,4
95,Argenteuil,951,magasin_de_meubles,10
78,Chavenay,783,magasin_de_meubles,1
75,Paris 19e Arrondissement,751,magasin_de_meubles,13
94,Orly,941,magasin_de_meubles,1
94,Le Kremlin-Bicêtre,943,magasin_de_meubles,8
95,Sagy,953,magasin_de_meubles,2
91,Viry-Châtillon,912,magasin_de_meubles,9
78,Aubergenville,781,magasin_de_meubles,2
92,Le Plessis-Robinson,921,magasin_de_meubles,3
91,Massy,913,magasin_de_meubles,2
78,Le Chesnay,784,magasin_de_meubles,6
78,Buchelay,781,magasin_de_meubles,6
93,Romainville,931,magasin_de_meubles,2
91,Courcouronnes,912,magasin_de_meubles,2
94,Chennevières-sur-Marne,942,magasin_de_meubles,4
92,Suresnes,922,magasin_de_meubles,12
94,Ormesson-sur-Marne,942,magasin_de_meubles,5
78,Milon-la-Chapelle,782,magasin_de_meubles,1
77,Ferrières-en-Brie,775,magasin_de_meubles,1
94,Limeil-Brévannes,941,magasin_de_meubles,1
92,Antony,921,magasin_de_meubles,7
77,Dammartin-en-Goële,771,magasin_de_meubles,1
78,Jambville,781,magasin_de_meubles,1
78,Plaisir,784,magasin_de_meubles,10
94,Le Plessis-Trévise,942,magasin_de_meubles,4
77,Chelles,775,magasin_de_meubles,7
77,Verdelot,773,magasin_de_meubles,1
78,Le Pecq,783,magasin_de_meubles,1
95,Saint-Gratien,952,magasin_de_meubles,2
93,Pantin,931,magasin_de_meubles,7
92,Gennevilliers,922,magasin_de_meubles,8
92,Saint-Cloud,923,magasin_de_meubles,2
78,Jeufosse,781,magasin_de_meubles,1
92,Asnières-sur-Seine,922,magasin_de_meubles,11
92,Bagneux,921,magasin_de_meubles,3
94,Thiais,943,magasin_de_meubles,5
77,Mouroux,771,magasin_de_meubles,2
94,Maisons-Alfort,941,magasin_de_meubles,5
95,Saint-Ouen-l'Aumône,953,magasin_de_meubles,2
91,Arpajon,913,magasin_de_meubles,5
77,Dammarie-les-Lys,772,magasin_de_meubles,6
94,Alfortville,941,magasin_de_meubles,3
77,Lognes,775,magasin_de_meubles,6
95,Chars,953,magasin_de_meubles,1
75,Paris 4e Arrondissement,751,magasin_de_meubles,22
75,Paris 13e Arrondissement,751,magasin_de_meubles,18
91,Montgeron,912,magasin_de_meubles,2
78,Chevreuse,782,magasin_de_meubles,1
78,Marly-le-Roi,783,magasin_de_meubles,1
75,Paris 10e Arrondissement,751,magasin_de_meubles,32
93,Livry-Gargan,932,magasin_de_meubles,8
91,Bouray-sur-Juine,911,magasin_de_meubles,1
91,Épinay-sur-Orge,913,magasin_de_meubles,2
91,Fontenay-lès-Briis,913,magasin_d_articles_de_sports_et_de_loisirs,1
77,Lagny-sur-Marne,775,magasin_d_articles_de_sports_et_de_loisirs,2
91,Savigny-sur-Orge,913,magasin_d_articles_de_sports_et_de_loisirs,1
93,Villemomble,931,magasin_d_articles_de_sports_et_de_loisirs,2
91,Marolles-en-Hurepoix,913,magasin_d_articles_de_sports_et_de_loisirs,2
92,Bois-Colombes,922,magasin_d_articles_de_sports_et_de_loisirs,1
78,Saint-Illiers-la-Ville,781,magasin_d_articles_de_sports_et_de_loisirs,1
94,Mandres-les-Roses,941,magasin_d_articles_de_sports_et_de_loisirs,1
78,Coignières,782,magasin_d_articles_de_sports_et_de_loisirs,9
77,Collégien,775,magasin_d_articles_de_sports_et_de_loisirs,1
93,Neuilly-sur-Marne,932,magasin_d_articles_de_sports_et_de_loisirs,3
78,La Verrière,782,magasin_d_articles_de_sports_et_de_loisirs,1
77,Torcy,775,magasin_d_articles_de_sports_et_de_loisirs,2
92,Boulogne-Billancourt,923,magasin_d_articles_de_sports_et_de_loisirs,22
78,Saint-Rémy-lès-Chevreuse,782,magasin_d_articles_de_sports_et_de_loisirs,1
77,Vaires-sur-Marne,775,magasin_d_articles_de_sports_et_de_loisirs,1
78,Poissy,783,magasin_d_articles_de_sports_et_de_loisirs,2
78,Septeuil,781,magasin_d_articles_de_sports_et_de_loisirs,1
91,Juvisy-sur-Orge,913,magasin_d_articles_de_sports_et_de_loisirs,1
93,Le Blanc-Mesnil,932,magasin_d_articles_de_sports_et_de_loisirs,1
95,Montigny-lès-Cormeilles,951,magasin_d_articles_de_sports_et_de_loisirs,4
77,Mareuil-lès-Meaux,771,magasin_d_articles_de_sports_et_de_loisirs,1
95,Pontoise,953,magasin_d_articles_de_sports_et_de_loisirs,4
78,Vaux-sur-Seine,781,magasin_d_articles_de_sports_et_de_loisirs,1
77,Montévrain,775,magasin_d_articles_de_sports_et_de_loisirs,1
93,Les Pavillons-sous-Bois,931,magasin_d_articles_de_sports_et_de_loisirs,3
91,Breuillet,911,magasin_d_articles_de_sports_et_de_loisirs,1
77,Fontainebleau,774,magasin_d_articles_de_sports_et_de_loisirs,10
75,Paris 3e Arrondissement,751,magasin_d_articles_de_sports_et_de_loisirs,13
94,Boissy-Saint-Léger,941,magasin_d_articles_de_sports_et_de_loisirs,2
91,Égly,913,magasin_d_articles_de_sports_et_de_loisirs,3
95,Herblay,951,magasin_d_articles_de_sports_et_de_loisirs,8
95,Beaumont-sur-Oise,953,magasin_d_articles_de_sports_et_de_loisirs,1
75,Paris 1er Arrondissement,751,magasin_d_articles_de_sports_et_de_loisirs,21
78,Vélizy-Villacoublay,784,magasin_d_articles_de_sports_et_de_loisirs,6
93,Sevran,932,magasin_d_articles_de_sports_et_de_loisirs,3
91,Saint-Germain-lès-Corbeil,912,magasin_d_articles_de_sports_et_de_loisirs,1
77,Saint-Augustin,771,magasin_d_articles_de_sports_et_de_loisirs,1
78,Épône,781,magasin_d_articles_de_sports_et_de_loisirs,1
77,Fontenay-Trésigny,773,magasin_d_articles_de_sports_et_de_loisirs,1
91,Quincy-sous-Sénart,912,magasin_d_articles_de_sports_et_de_loisirs,2
91,Saclay,913,magasin_d_articles_de_sports_et_de_loisirs,1
94,Charenton-le-Pont,941,magasin_d_articles_de_sports_et_de_loisirs,4
78,Neauphlette,781,magasin_d_articles_de_sports_et_de_loisirs,1
91,Ballancourt-sur-Essonne,912,magasin_d_articles_de_sports_et_de_loisirs,1
77,Saint-Thibault-des-Vignes,775,magasin_d_articles_de_sports_et_de_loisirs,1
92,Montrouge,921,magasin_d_articles_de_sports_et_de_loisirs,2
93,Drancy,931,magasin_d_articles_de_sports_et_de_loisirs,6
91,Saint-Germain-lès-Arpajon,913,magasin_d_articles_de_sports_et_de_loisirs,1
94,Villiers-sur-Marne,942,magasin_d_articles_de_sports_et_de_loisirs,1
78,Rambouillet,782,magasin_d_articles_de_sports_et_de_loisirs,9
95,Seraincourt,953,magasin_d_articles_de_sports_et_de_loisirs,1
92,Marnes-la-Coquette,923,magasin_d_articles_de_sports_et_de_loisirs,1
92,Neuilly-sur-Seine,922,magasin_d_articles_de_sports_et_de_loisirs,8
92,Clamart,921,magasin_d_articles_de_sports_et_de_loisirs,7
77,Bussy-Saint-Georges,775,magasin_d_articles_de_sports_et_de_loisirs,4
77,Guérard,771,magasin_d_articles_de_sports_et_de_loisirs,1
91,Marcoussis,913,magasin_d_articles_de_sports_et_de_loisirs,2
94,Vincennes,942,magasin_d_articles_de_sports_et_de_loisirs,4
78,Sailly,781,magasin_d_articles_de_sports_et_de_loisirs,1
77,Cesson,772,magasin_d_articles_de_sports_et_de_loisirs,3
78,La Queue-les-Yvelines,782,magasin_d_articles_de_sports_et_de_loisirs,2
95,Ézanville,952,magasin_d_articles_de_sports_et_de_loisirs,2
93,Aubervilliers,933,magasin_d_articles_de_sports_et_de_loisirs,4
95,La Frette-sur-Seine,951,magasin_d_articles_de_sports_et_de_loisirs,1
93,Saint-Ouen,933,magasin_d_articles_de_sports_et_de_loisirs,6
75,Paris 16e Arrondissement,751,magasin_d_articles_de_sports_et_de_loisirs,23
91,Longjumeau,913,magasin_d_articles_de_sports_et_de_loisirs,2
91,Saint-Jean-de-Beauregard,913,magasin_d_articles_de_sports_et_de_loisirs,1
78,Les Mureaux,781,magasin_d_articles_de_sports_et_de_loisirs,1
91,Limours,913,magasin_d_articles_de_sports_et_de_loisirs,1
91,Orsay,913,magasin_d_articles_de_sports_et_de_loisirs,1
78,Fourqueux,783,magasin_d_articles_de_sports_et_de_loisirs,2
77,Pézarches,773,magasin_d_articles_de_sports_et_de_loisirs,1
78,Viroflay,784,magasin_d_articles_de_sports_et_de_loisirs,1
75,Paris 17e Arrondissement,751,magasin_d_articles_de_sports_et_de_loisirs,37
92,Bourg-la-Reine,921,magasin_d_articles_de_sports_et_de_loisirs,3
93,Le Raincy,932,magasin_d_articles_de_sports_et_de_loisirs,1
91,Roinville,911,magasin_d_articles_de_sports_et_de_loisirs,1
77,Châtenay-sur-Seine,773,magasin_d_articles_de_sports_et_de_loisirs,1
92,Châtillon,921,magasin_d_articles_de_sports_et_de_loisirs,1
94,Arcueil,943,magasin_d_articles_de_sports_et_de_loisirs,3
78,Conflans-Sainte-Honorine,783,magasin_d_articles_de_sports_et_de_loisirs,1
95,Cergy,953,magasin_d_articles_de_sports_et_de_loisirs,4
77,Claye-Souilly,775,magasin_d_articles_de_sports_et_de_loisirs,4
78,Les Clayes-sous-Bois,784,magasin_d_articles_de_sports_et_de_loisirs,1
93,Noisy-le-Sec,931,magasin_d_articles_de_sports_et_de_loisirs,2
77,Couilly-Pont-aux-Dames,771,magasin_d_articles_de_sports_et_de_loisirs,1
92,Sceaux,921,magasin_d_articles_de_sports_et_de_loisirs,1
77,Saint-Fargeau-Ponthierry,772,magasin_d_articles_de_sports_et_de_loisirs,1
93,Bagnolet,931,magasin_d_articles_de_sports_et_de_loisirs,2
92,Rueil-Malmaison,922,magasin_d_articles_de_sports_et_de_loisirs,6
77,Combs-la-Ville,772,magasin_d_articles_de_sports_et_de_loisirs,1
94,Saint-Maur-des-Fossés,941,magasin_d_articles_de_sports_et_de_loisirs,7
78,Saint-Germain-en-Laye,783,magasin_d_articles_de_sports_et_de_loisirs,12
91,Moigny-sur-École,912,magasin_d_articles_de_sports_et_de_loisirs,1
75,Paris 20e Arrondissement,751,magasin_d_articles_de_sports_et_de_loisirs,9
78,Maurepas,782,magasin_d_articles_de_sports_et_de_loisirs,3
95,L'Isle-Adam,953,magasin_d_articles_de_sports_et_de_loisirs,4
95,Magny-en-Vexin,953,magasin_d_articles_de_sports_et_de_loisirs,1
75,Paris 5e Arrondissement,751,magasin_d_articles_de_sports_et_de_loisirs,39
77,Quincy-Voisins,771,magasin_d_articles_de_sports_et_de_loisirs,1
78,Maisons-Laffitte,783,magasin_d_articles_de_sports_et_de_loisirs,4
91,Lisses,912,magasin_d_articles_de_sports_et_de_loisirs,1
95,Montmagny,952,magasin_d_articles_de_sports_et_de_loisirs,1
77,Lésigny,772,magasin_d_articles_de_sports_et_de_loisirs,1
91,Saulx-les-Chartreux,913,magasin_d_articles_de_sports_et_de_loisirs,1
95,Taverny,953,magasin_d_articles_de_sports_et_de_loisirs,2
78,Orgeval,783,magasin_d_articles_de_sports_et_de_loisirs,7
78,Montigny-le-Bretonneux,784,magasin_d_articles_de_sports_et_de_loisirs,7
78,Saint-Nom-la-Bretèche,783,magasin_d_articles_de_sports_et_de_loisirs,1
91,Forges-les-Bains,913,magasin_d_articles_de_sports_et_de_loisirs,1
77,Ozoir-la-Ferrière,775,magasin_d_articles_de_sports_et_de_loisirs,5
91,Corbeil-Essonnes,912,magasin_d_articles_de_sports_et_de_loisirs,19
75,Paris 18e Arrondissement,751,magasin_d_articles_de_sports_et_de_loisirs,11
95,Groslay,952,magasin_d_articles_de_sports_et_de_loisirs,3
95,Garges-lès-Gonesse,952,magasin_d_articles_de_sports_et_de_loisirs,2
91,Longpont-sur-Orge,913,magasin_d_articles_de_sports_et_de_loisirs,2
77,Égligny,773,magasin_d_articles_de_sports_et_de_loisirs,1
77,Meaux,771,magasin_d_articles_de_sports_et_de_loisirs,14
92,Clichy,922,magasin_d_articles_de_sports_et_de_loisirs,2
94,Villeneuve-Saint-Georges,941,magasin_d_articles_de_sports_et_de_loisirs,1
94,Le Perreux-sur-Marne,942,magasin_d_articles_de_sports_et_de_loisirs,4
91,Wissous,913,magasin_d_articles_de_sports_et_de_loisirs,3
78,Houilles,783,magasin_d_articles_de_sports_et_de_loisirs,1
92,Issy-les-Moulineaux,923,magasin_d_articles_de_sports_et_de_loisirs,3
77,La Ferté-Gaucher,773,magasin_d_articles_de_sports_et_de_loisirs,1
91,Boissy-sous-Saint-Yon,911,magasin_d_articles_de_sports_et_de_loisirs,1
95,Luzarches,952,magasin_d_articles_de_sports_et_de_loisirs,1
92,Malakoff,921,magasin_d_articles_de_sports_et_de_loisirs,1
94,Sucy-en-Brie,941,magasin_d_articles_de_sports_et_de_loisirs,4
75,Paris 6e Arrondissement,751,magasin_d_articles_de_sports_et_de_loisirs,12
77,Coulommiers,771,magasin_d_articles_de_sports_et_de_loisirs,6
77,Le Châtelet-en-Brie,772,magasin_d_articles_de_sports_et_de_loisirs,1
95,Enghien-les-Bains,952,magasin_d_articles_de_sports_et_de_loisirs,1
77,Noisiel,775,magasin_d_articles_de_sports_et_de_loisirs,2
93,Villetaneuse,933,magasin_d_articles_de_sports_et_de_loisirs,1
95,Montmorency,952,magasin_d_articles_de_sports_et_de_loisirs,1
91,Dourdan,911,magasin_d_articles_de_sports_et_de_loisirs,2
78,Mantes-la-Jolie,781,magasin_d_articles_de_sports_et_de_loisirs,2
95,Moisselles,952,magasin_d_articles_de_sports_et_de_loisirs,1
93,Bondy,931,magasin_d_articles_de_sports_et_de_loisirs,2
91,Athis-Mons,913,magasin_d_articles_de_sports_et_de_loisirs,1
78,Croissy-sur-Seine,783,magasin_d_articles_de_sports_et_de_loisirs,1
95,Franconville,953,magasin_d_articles_de_sports_et_de_loisirs,3
91,Évry,912,magasin_d_articles_de_sports_et_de_loisirs,7
75,Paris 8e Arrondissement,751,magasin_d_articles_de_sports_et_de_loisirs,29
77,Lieusaint,772,magasin_d_articles_de_sports_et_de_loisirs,3
95,Parmain,953,magasin_d_articles_de_sports_et_de_loisirs,2
75,Paris 14e Arrondissement,751,magasin_d_articles_de_sports_et_de_loisirs,21
75,Paris 11e Arrondissement,751,magasin_d_articles_de_sports_et_de_loisirs,35
78,Neauphle-le-Château,782,magasin_d_articles_de_sports_et_de_loisirs,1
95,Méry-sur-Oise,953,magasin_d_articles_de_sports_et_de_loisirs,1
91,Villebon-sur-Yvette,913,magasin_d_articles_de_sports_et_de_loisirs,4
94,Champigny-sur-Marne,942,magasin_d_articles_de_sports_et_de_loisirs,5
94,Fontenay-sous-Bois,942,magasin_d_articles_de_sports_et_de_loisirs,2
95,Bernes-sur-Oise,953,magasin_d_articles_de_sports_et_de_loisirs,1
95,Presles,953,magasin_d_articles_de_sports_et_de_loisirs,2
75,Paris 15e Arrondissement,751,magasin_d_articles_de_sports_et_de_loisirs,28
77,Serris,775,magasin_d_articles_de_sports_et_de_loisirs,6
78,Houdan,781,magasin_d_articles_de_sports_et_de_loisirs,1
78,Gargenville,781,magasin_d_articles_de_sports_et_de_loisirs,1
78,Aulnay-sur-Mauldre,781,magasin_d_articles_de_sports_et_de_loisirs,1
78,Maule,781,magasin_d_articles_de_sports_et_de_loisirs,1
78,Bois-d'Arcy,784,magasin_d_articles_de_sports_et_de_loisirs,2
78,Élancourt,782,magasin_d_articles_de_sports_et_de_loisirs,2
77,Varennes-sur-Seine,773,magasin_d_articles_de_sports_et_de_loisirs,1
78,Meulan-en-Yvelines,781,magasin_d_articles_de_sports_et_de_loisirs,1
91,Étampes,911,magasin_d_articles_de_sports_et_de_loisirs,4
92,La Garenne-Colombes,922,magasin_d_articles_de_sports_et_de_loisirs,4
93,Rosny-sous-Bois,931,magasin_d_articles_de_sports_et_de_loisirs,4
77,Villiers-en-Bière,772,magasin_d_articles_de_sports_et_de_loisirs,3
94,Créteil,941,magasin_d_articles_de_sports_et_de_loisirs,6
77,Isles-lès-Villenoy,771,magasin_d_articles_de_sports_et_de_loisirs,1
92,Levallois-Perret,922,magasin_d_articles_de_sports_et_de_loisirs,7
77,Nanteuil-lès-Meaux,771,magasin_d_articles_de_sports_et_de_loisirs,1
93,Clichy-sous-Bois,932,magasin_d_articles_de_sports_et_de_loisirs,2
95,Viarmes,952,magasin_d_articles_de_sports_et_de_loisirs,1
77,Neufmoutiers-en-Brie,773,magasin_d_articles_de_sports_et_de_loisirs,1
77,Croissy-Beaubourg,775,magasin_d_articles_de_sports_et_de_loisirs,2
78,La Celle-Saint-Cloud,783,magasin_d_articles_de_sports_et_de_loisirs,1
77,Montereau-Fault-Yonne,773,magasin_d_articles_de_sports_et_de_loisirs,4
78,Chambourcy,783,magasin_d_articles_de_sports_et_de_loisirs,2
78,Villepreux,783,magasin_d_articles_de_sports_et_de_loisirs,1
95,Sarcelles,952,magasin_d_articles_de_sports_et_de_loisirs,1
77,Chessy,775,magasin_d_articles_de_sports_et_de_loisirs,1
77,Montigny-sur-Loing,774,magasin_d_articles_de_sports_et_de_loisirs,1
93,Aulnay-sous-Bois,932,magasin_d_articles_de_sports_et_de_loisirs,7
91,La Ville-du-Bois,913,magasin_d_articles_de_sports_et_de_loisirs,3
95,Pierrelaye,953,magasin_d_articles_de_sports_et_de_loisirs,2
77,Boissise-le-Roi,772,magasin_d_articles_de_sports_et_de_loisirs,1
91,Verrières-le-Buisson,913,magasin_d_articles_de_sports_et_de_loisirs,1
78,Bougival,783,magasin_d_articles_de_sports_et_de_loisirs,1
94,Fresnes,943,magasin_d_articles_de_sports_et_de_loisirs,4
91,Villemoisson-sur-Orge,913,magasin_d_articles_de_sports_et_de_loisirs,1
75,Paris 9e Arrondissement,751,magasin_d_articles_de_sports_et_de_loisirs,15
77,Pontault-Combault,775,magasin_d_articles_de_sports_et_de_loisirs,9
78,Flins-sur-Seine,781,magasin_d_articles_de_sports_et_de_loisirs,3
78,Montesson,783,magasin_d_articles_de_sports_et_de_loisirs,2
94,Ivry-sur-Seine,941,magasin_d_articles_de_sports_et_de_loisirs,2
95,Chaumontel,952,magasin_d_articles_de_sports_et_de_loisirs,2
78,Feucherolles,783,magasin_d_articles_de_sports_et_de_loisirs,1
77,Moret-sur-Loing,774,magasin_d_articles_de_sports_et_de_loisirs,1
78,Les Essarts-le-Roi,782,magasin_d_articles_de_sports_et_de_loisirs,3
95,Domont,952,magasin_d_articles_de_sports_et_de_loisirs,2
93,Bobigny,931,magasin_d_articles_de_sports_et_de_loisirs,1
95,Bezons,951,magasin_d_articles_de_sports_et_de_loisirs,1
95,Goussainville,952,magasin_d_articles_de_sports_et_de_loisirs,3
77,Écuelles,774,magasin_d_articles_de_sports_et_de_loisirs,1
91,Ballainvilliers,913,magasin_d_articles_de_sports_et_de_loisirs,1
78,Sartrouville,783,magasin_d_articles_de_sports_et_de_loisirs,1
95,Ermont,953,magasin_d_articles_de_sports_et_de_loisirs,1
95,Saint-Brice-sous-Forêt,952,magasin_d_articles_de_sports_et_de_loisirs,3
93,Noisy-le-Grand,932,magasin_d_articles_de_sports_et_de_loisirs,5
95,Sannois,951,magasin_d_articles_de_sports_et_de_loisirs,1
78,Follainville-Dennemont,781,magasin_d_articles_de_sports_et_de_loisirs,1
92,Meudon,923,magasin_d_articles_de_sports_et_de_loisirs,3
95,Saint-Leu-la-Forêt,953,magasin_d_articles_de_sports_et_de_loisirs,1
95,Frépillon,953,magasin_d_articles_de_sports_et_de_loisirs,1
94,Saint-Mandé,942,magasin_d_articles_de_sports_et_de_loisirs,1
77,Émerainville,775,magasin_d_articles_de_sports_et_de_loisirs,1
94,Vitry-sur-Seine,941,magasin_d_articles_de_sports_et_de_loisirs,2
78,Gaillon-sur-Montcient,781,magasin_d_articles_de_sports_et_de_loisirs,1
92,Colombes,922,magasin_d_articles_de_sports_et_de_loisirs,5
94,Rungis,943,magasin_d_articles_de_sports_et_de_loisirs,2
78,Trappes,784,magasin_d_articles_de_sports_et_de_loisirs,1
77,Crécy-la-Chapelle,771,magasin_d_articles_de_sports_et_de_loisirs,2
77,Villiers-sur-Morin,771,magasin_d_articles_de_sports_et_de_loisirs,1
78,Andrésy,783,magasin_d_articles_de_sports_et_de_loisirs,1
78,Chatou,783,magasin_d_articles_de_sports_et_de_loisirs,2
77,Chanteloup-en-Brie,775,magasin_d_articles_de_sports_et_de_loisirs,2
91,Villiers-le-Bâcle,913,magasin_d_articles_de_sports_et_de_loisirs,1
91,Villabé,912,magasin_d_articles_de_sports_et_de_loisirs,4
91,Brunoy,912,magasin_d_articles_de_sports_et_de_loisirs,2
92,Nanterre,922,magasin_d_articles_de_sports_et_de_loisirs,2
91,Linas,913,magasin_d_articles_de_sports_et_de_loisirs,1
78,Morainvilliers,783,magasin_d_articles_de_sports_et_de_loisirs,1
78,Versailles,784,magasin_d_articles_de_sports_et_de_loisirs,19
91,Morangis,913,magasin_d_articles_de_sports_et_de_loisirs,2
92,Garches,922,magasin_d_articles_de_sports_et_de_loisirs,3
95,Éragny,953,magasin_d_articles_de_sports_et_de_loisirs,1
77,Château-Landon,774,magasin_d_articles_de_sports_et_de_loisirs,2
77,Cannes-Écluse,773,magasin_d_articles_de_sports_et_de_loisirs,1
77,Melun,772,magasin_d_articles_de_sports_et_de_loisirs,7
78,Les Loges-en-Josas,784,magasin_d_articles_de_sports_et_de_loisirs,1
91,Ormoy,912,magasin_d_articles_de_sports_et_de_loisirs,2
95,Gonesse,952,magasin_d_articles_de_sports_et_de_loisirs,4
92,Chaville,923,magasin_d_articles_de_sports_et_de_loisirs,1
93,Montreuil,931,magasin_d_articles_de_sports_et_de_loisirs,12
91,Saintry-sur-Seine,912,magasin_d_articles_de_sports_et_de_loisirs,1
77,Provins,773,magasin_d_articles_de_sports_et_de_loisirs,2
94,Choisy-le-Roi,941,magasin_d_articles_de_sports_et_de_loisirs,2
78,Voisins-le-Bretonneux,782,magasin_d_articles_de_sports_et_de_loisirs,1
91,Épinay-sous-Sénart,912,magasin_d_articles_de_sports_et_de_loisirs,1
95,Osny,953,magasin_d_articles_de_sports_et_de_loisirs,4
78,Guyancourt,784,magasin_d_articles_de_sports_et_de_loisirs,1
91,Soisy-sur-École,912,magasin_d_articles_de_sports_et_de_loisirs,1
92,Vaucresson,923,magasin_d_articles_de_sports_et_de_loisirs,1
95,Cormeilles-en-Parisis,951,magasin_d_articles_de_sports_et_de_loisirs,1
91,Brétigny-sur-Orge,913,magasin_d_articles_de_sports_et_de_loisirs,3
94,Nogent-sur-Marne,942,magasin_d_articles_de_sports_et_de_loisirs,2
91,Gif-sur-Yvette,913,magasin_d_articles_de_sports_et_de_loisirs,3
94,Bonneuil-sur-Marne,941,magasin_d_articles_de_sports_et_de_loisirs,2
77,Bourron-Marlotte,774,magasin_d_articles_de_sports_et_de_loisirs,2
92,Puteaux,922,magasin_d_articles_de_sports_et_de_loisirs,7
75,Paris 2e Arrondissement,751,magasin_d_articles_de_sports_et_de_loisirs,8
77,Champagne-sur-Seine,774,magasin_d_articles_de_sports_et_de_loisirs,1
78,Le Vésinet,783,magasin_d_articles_de_sports_et_de_loisirs,1
78,Gazeran,782,magasin_d_articles_de_sports_et_de_loisirs,1
91,Ris-Orangis,912,magasin_d_articles_de_sports_et_de_loisirs,3
94,Joinville-le-Pont,942,magasin_d_articles_de_sports_et_de_loisirs,2
93,La Courneuve,933,magasin_d_articles_de_sports_et_de_loisirs,2
77,Nangis,773,magasin_d_articles_de_sports_et_de_loisirs,1
91,Champmotteux,911,magasin_d_articles_de_sports_et_de_loisirs,1
77,Boissy-le-Châtel,771,magasin_d_articles_de_sports_et_de_loisirs,1
93,Saint-Denis,933,magasin_d_articles_de_sports_et_de_loisirs,8
91,Champlan,913,magasin_d_articles_de_sports_et_de_loisirs,1
93,Tremblay-en-France,932,magasin_d_articles_de_sports_et_de_loisirs,1
78,Bazoches-sur-Guyonne,782,magasin_d_articles_de_sports_et_de_loisirs,1
94,Chevilly-Larue,943,magasin_d_articles_de_sports_et_de_loisirs,1
77,Armentières-en-Brie,771,magasin_d_articles_de_sports_et_de_loisirs,1
95,Eaubonne,953,magasin_d_articles_de_sports_et_de_loisirs,1
77,Brie-Comte-Robert,772,magasin_d_articles_de_sports_et_de_loisirs,1
91,Les Ulis,913,magasin_d_articles_de_sports_et_de_loisirs,2
93,Épinay-sur-Seine,933,magasin_d_articles_de_sports_et_de_loisirs,3
77,Larchant,774,magasin_d_articles_de_sports_et_de_loisirs,1
91,Montlhéry,913,magasin_d_articles_de_sports_et_de_loisirs,1
75,Paris 7e Arrondissement,751,magasin_d_articles_de_sports_et_de_loisirs,7
92,Vanves,921,magasin_d_articles_de_sports_et_de_loisirs,2
95,Genainville,953,magasin_d_articles_de_sports_et_de_loisirs,1
91,Yerres,912,magasin_d_articles_de_sports_et_de_loisirs,2
94,Marolles-en-Brie,941,magasin_d_articles_de_sports_et_de_loisirs,1
77,Magny-le-Hongre,775,magasin_d_articles_de_sports_et_de_loisirs,2
77,Nemours,774,magasin_d_articles_de_sports_et_de_loisirs,2
92,Courbevoie,922,magasin_d_articles_de_sports_et_de_loisirs,4
91,Sainte-Geneviève-des-Bois,913,magasin_d_articles_de_sports_et_de_loisirs,8
75,Paris 12e Arrondissement,751,magasin_d_articles_de_sports_et_de_loisirs,26
95,Deuil-la-Barre,952,magasin_d_articles_de_sports_et_de_loisirs,1
78,Bennecourt,781,magasin_d_articles_de_sports_et_de_loisirs,1
77,Bray-sur-Seine,773,magasin_d_articles_de_sports_et_de_loisirs,1
78,Villennes-sur-Seine,783,magasin_d_articles_de_sports_et_de_loisirs,1
95,Argenteuil,951,magasin_d_articles_de_sports_et_de_loisirs,7
78,Bonnières-sur-Seine,781,magasin_d_articles_de_sports_et_de_loisirs,1
75,Paris 19e Arrondissement,751,magasin_d_articles_de_sports_et_de_loisirs,4
94,Le Kremlin-Bicêtre,943,magasin_d_articles_de_sports_et_de_loisirs,2
78,Auffargis,782,magasin_d_articles_de_sports_et_de_loisirs,1
93,L'Île-Saint-Denis,933,magasin_d_articles_de_sports_et_de_loisirs,2
91,Viry-Châtillon,912,magasin_d_articles_de_sports_et_de_loisirs,4
78,Aubergenville,781,magasin_d_articles_de_sports_et_de_loisirs,1
95,Hérouville,953,magasin_d_articles_de_sports_et_de_loisirs,1
95,Le Plessis-Bouchard,953,magasin_d_articles_de_sports_et_de_loisirs,1
92,Le Plessis-Robinson,921,magasin_d_articles_de_sports_et_de_loisirs,2
91,Massy,913,magasin_d_articles_de_sports_et_de_loisirs,2
78,Le Port-Marly,783,magasin_d_articles_de_sports_et_de_loisirs,2
78,Le Chesnay,784,magasin_d_articles_de_sports_et_de_loisirs,5
78,Longnes,781,magasin_d_articles_de_sports_et_de_loisirs,1
78,Buchelay,781,magasin_d_articles_de_sports_et_de_loisirs,3
91,Courcouronnes,912,magasin_d_articles_de_sports_et_de_loisirs,1
91,Les Molières,913,magasin_d_articles_de_sports_et_de_loisirs,1
92,Ville-d'Avray,923,magasin_d_articles_de_sports_et_de_loisirs,2
92,Suresnes,922,magasin_d_articles_de_sports_et_de_loisirs,4
91,Mauchamps,911,magasin_d_articles_de_sports_et_de_loisirs,1
94,Ormesson-sur-Marne,942,magasin_d_articles_de_sports_et_de_loisirs,1
78,Gambaiseuil,782,magasin_d_articles_de_sports_et_de_loisirs,1
91,Grigny,912,magasin_d_articles_de_sports_et_de_loisirs,3
92,Antony,921,magasin_d_articles_de_sports_et_de_loisirs,8
78,Plaisir,784,magasin_d_articles_de_sports_et_de_loisirs,4
94,Le Plessis-Trévise,942,magasin_d_articles_de_sports_et_de_loisirs,1
77,Chelles,775,magasin_d_articles_de_sports_et_de_loisirs,6
91,Milly-la-Forêt,912,magasin_d_articles_de_sports_et_de_loisirs,1
78,Le Pecq,783,magasin_d_articles_de_sports_et_de_loisirs,2
95,Saint-Gratien,952,magasin_d_articles_de_sports_et_de_loisirs,1
93,Pantin,931,magasin_d_articles_de_sports_et_de_loisirs,1
94,Gentilly,943,magasin_d_articles_de_sports_et_de_loisirs,2
92,Gennevilliers,922,magasin_d_articles_de_sports_et_de_loisirs,1
92,Saint-Cloud,923,magasin_d_articles_de_sports_et_de_loisirs,2
92,Asnières-sur-Seine,922,magasin_d_articles_de_sports_et_de_loisirs,4
94,Thiais,943,magasin_d_articles_de_sports_et_de_loisirs,7
77,Chartrettes,772,magasin_d_articles_de_sports_et_de_loisirs,1
77,Gouvernes,775,magasin_d_articles_de_sports_et_de_loisirs,1
77,Mouroux,771,magasin_d_articles_de_sports_et_de_loisirs,1
91,Avrainville,913,magasin_d_articles_de_sports_et_de_loisirs,1
91,Mennecy,912,magasin_d_articles_de_sports_et_de_loisirs,2
94,Maisons-Alfort,941,magasin_d_articles_de_sports_et_de_loisirs,3
95,Saint-Ouen-l'Aumône,953,magasin_d_articles_de_sports_et_de_loisirs,6
91,Arpajon,913,magasin_d_articles_de_sports_et_de_loisirs,1
77,Dammarie-les-Lys,772,magasin_d_articles_de_sports_et_de_loisirs,5
94,Alfortville,941,magasin_d_articles_de_sports_et_de_loisirs,2
77,Lognes,775,magasin_d_articles_de_sports_et_de_loisirs,2
75,Paris 4e Arrondissement,751,magasin_d_articles_de_sports_et_de_loisirs,11
75,Paris 13e Arrondissement,751,magasin_d_articles_de_sports_et_de_loisirs,18
91,Montgeron,912,magasin_d_articles_de_sports_et_de_loisirs,4
78,Marly-le-Roi,783,magasin_d_articles_de_sports_et_de_loisirs,1
75,Paris 10e Arrondissement,751,magasin_d_articles_de_sports_et_de_loisirs,15
77,Courchamp,773,magasin_d_articles_de_sports_et_de_loisirs,1
93,Livry-Gargan,932,magasin_d_articles_de_sports_et_de_loisirs,8
77,Saints,771,magasin_d_articles_de_sports_et_de_loisirs,1
78,Le Perray-en-Yvelines,782,magasin_d_articles_de_sports_et_de_loisirs,1
91,Épinay-sur-Orge,913,magasin_d_articles_de_sports_et_de_loisirs,1
91,Savigny-sur-Orge,913,magasin_de_revetements_murs_et_sols,2
93,Villemomble,931,magasin_de_revetements_murs_et_sols,1
78,Coignières,782,magasin_de_revetements_murs_et_sols,4
92,Boulogne-Billancourt,923,magasin_de_revetements_murs_et_sols,3
95,Montigny-lès-Cormeilles,951,magasin_de_revetements_murs_et_sols,1
77,Mareuil-lès-Meaux,771,magasin_de_revetements_murs_et_sols,1
95,Pontoise,953,magasin_de_revetements_murs_et_sols,1
75,Paris 3e Arrondissement,751,magasin_de_revetements_murs_et_sols,2
95,Herblay,951,magasin_de_revetements_murs_et_sols,3
95,Beaumont-sur-Oise,953,magasin_de_revetements_murs_et_sols,1
75,Paris 1er Arrondissement,751,magasin_de_revetements_murs_et_sols,5
78,Vélizy-Villacoublay,784,magasin_de_revetements_murs_et_sols,4
93,Sevran,932,magasin_de_revetements_murs_et_sols,1
91,Saint-Germain-lès-Corbeil,912,magasin_de_revetements_murs_et_sols,1
92,Montrouge,921,magasin_de_revetements_murs_et_sols,1
94,Villiers-sur-Marne,942,magasin_de_revetements_murs_et_sols,1
92,Neuilly-sur-Seine,922,magasin_de_revetements_murs_et_sols,2
77,Lizy-sur-Ourcq,771,magasin_de_revetements_murs_et_sols,1
94,Vincennes,942,magasin_de_revetements_murs_et_sols,3
78,Cravent,781,magasin_de_revetements_murs_et_sols,1
77,Cesson,772,magasin_de_revetements_murs_et_sols,1
93,Saint-Ouen,933,magasin_de_revetements_murs_et_sols,4
75,Paris 16e Arrondissement,751,magasin_de_revetements_murs_et_sols,19
78,Les Mureaux,781,magasin_de_revetements_murs_et_sols,1
75,Paris 17e Arrondissement,751,magasin_de_revetements_murs_et_sols,16
94,Arcueil,943,magasin_de_revetements_murs_et_sols,1
77,Claye-Souilly,775,magasin_de_revetements_murs_et_sols,5
78,Les Clayes-sous-Bois,784,magasin_de_revetements_murs_et_sols,1
93,Noisy-le-Sec,931,magasin_de_revetements_murs_et_sols,1
77,Pringy,772,magasin_de_revetements_murs_et_sols,1
93,Bagnolet,931,magasin_de_revetements_murs_et_sols,5
92,Rueil-Malmaison,922,magasin_de_revetements_murs_et_sols,1
94,Saint-Maur-des-Fossés,941,magasin_de_revetements_murs_et_sols,4
78,Saint-Germain-en-Laye,783,magasin_de_revetements_murs_et_sols,1
75,Paris 20e Arrondissement,751,magasin_de_revetements_murs_et_sols,7
78,Maurepas,782,magasin_de_revetements_murs_et_sols,1
95,L'Isle-Adam,953,magasin_de_revetements_murs_et_sols,1
75,Paris 5e Arrondissement,751,magasin_de_revetements_murs_et_sols,5
93,Gagny,932,magasin_de_revetements_murs_et_sols,1
91,Lisses,912,magasin_de_revetements_murs_et_sols,3
95,Taverny,953,magasin_de_revetements_murs_et_sols,1
78,Orgeval,783,magasin_de_revetements_murs_et_sols,4
91,Corbeil-Essonnes,912,magasin_de_revetements_murs_et_sols,1
75,Paris 18e Arrondissement,751,magasin_de_revetements_murs_et_sols,6
92,Issy-les-Moulineaux,923,magasin_de_revetements_murs_et_sols,2
94,Sucy-en-Brie,941,magasin_de_revetements_murs_et_sols,1
75,Paris 6e Arrondissement,751,magasin_de_revetements_murs_et_sols,12
77,Coulommiers,771,magasin_de_revetements_murs_et_sols,1
95,Enghien-les-Bains,952,magasin_de_revetements_murs_et_sols,1
95,Montmorency,952,magasin_de_revetements_murs_et_sols,2
78,Mantes-la-Jolie,781,magasin_de_revetements_murs_et_sols,1
93,Bondy,931,magasin_de_revetements_murs_et_sols,4
91,Athis-Mons,913,magasin_de_revetements_murs_et_sols,1
95,Franconville,953,magasin_de_revetements_murs_et_sols,1
91,Évry,912,magasin_de_revetements_murs_et_sols,1
75,Paris 8e Arrondissement,751,magasin_de_revetements_murs_et_sols,17
77,Lieusaint,772,magasin_de_revetements_murs_et_sols,4
91,Morsang-sur-Orge,912,magasin_de_revetements_murs_et_sols,1
75,Paris 14e Arrondissement,751,magasin_de_revetements_murs_et_sols,5
75,Paris 11e Arrondissement,751,magasin_de_revetements_murs_et_sols,14
91,Villebon-sur-Yvette,913,magasin_de_revetements_murs_et_sols,1
77,Poigny,773,magasin_de_revetements_murs_et_sols,1
94,Champigny-sur-Marne,942,magasin_de_revetements_murs_et_sols,1
75,Paris 15e Arrondissement,751,magasin_de_revetements_murs_et_sols,20
92,La Garenne-Colombes,922,magasin_de_revetements_murs_et_sols,1
93,Rosny-sous-Bois,931,magasin_de_revetements_murs_et_sols,1
93,Neuilly-Plaisance,932,magasin_de_revetements_murs_et_sols,1
94,Créteil,941,magasin_de_revetements_murs_et_sols,3
92,Levallois-Perret,922,magasin_de_revetements_murs_et_sols,8
78,La Celle-Saint-Cloud,783,magasin_de_revetements_murs_et_sols,1
78,Chambourcy,783,magasin_de_revetements_murs_et_sols,3
95,Sarcelles,952,magasin_de_revetements_murs_et_sols,1
95,Villiers-le-Bel,952,magasin_de_revetements_murs_et_sols,1
93,Aulnay-sous-Bois,932,magasin_de_revetements_murs_et_sols,3
94,Fresnes,943,magasin_de_revetements_murs_et_sols,1
75,Paris 9e Arrondissement,751,magasin_de_revetements_murs_et_sols,2
77,Pontault-Combault,775,magasin_de_revetements_murs_et_sols,2
78,Montesson,783,magasin_de_revetements_murs_et_sols,1
94,Ivry-sur-Seine,941,magasin_de_revetements_murs_et_sols,1
91,Ballainvilliers,913,magasin_de_revetements_murs_et_sols,1
78,Sartrouville,783,magasin_de_revetements_murs_et_sols,1
95,Saint-Brice-sous-Forêt,952,magasin_de_revetements_murs_et_sols,1
93,Noisy-le-Grand,932,magasin_de_revetements_murs_et_sols,1
94,Vitry-sur-Seine,941,magasin_de_revetements_murs_et_sols,2
92,Colombes,922,magasin_de_revetements_murs_et_sols,1
78,Trappes,784,magasin_de_revetements_murs_et_sols,1
91,Villabé,912,magasin_de_revetements_murs_et_sols,1
92,Nanterre,922,magasin_de_revetements_murs_et_sols,3
78,Versailles,784,magasin_de_revetements_murs_et_sols,4
95,Éragny,953,magasin_de_revetements_murs_et_sols,3
77,Melun,772,magasin_de_revetements_murs_et_sols,3
95,Gonesse,952,magasin_de_revetements_murs_et_sols,1
92,Chaville,923,magasin_de_revetements_murs_et_sols,1
93,Montreuil,931,magasin_de_revetements_murs_et_sols,1
78,Voisins-le-Bretonneux,782,magasin_de_revetements_murs_et_sols,1
95,Osny,953,magasin_de_revetements_murs_et_sols,2
77,Sourdun,773,magasin_de_revetements_murs_et_sols,1
94,Nogent-sur-Marne,942,magasin_de_revetements_murs_et_sols,1
92,Puteaux,922,magasin_de_revetements_murs_et_sols,2
75,Paris 2e Arrondissement,751,magasin_de_revetements_murs_et_sols,3
77,Savigny-le-Temple,772,magasin_de_revetements_murs_et_sols,1
78,Le Vésinet,783,magasin_de_revetements_murs_et_sols,1
91,Ris-Orangis,912,magasin_de_revetements_murs_et_sols,1
77,Pommeuse,771,magasin_de_revetements_murs_et_sols,1
93,La Courneuve,933,magasin_de_revetements_murs_et_sols,1
92,Sèvres,923,magasin_de_revetements_murs_et_sols,1
93,Saint-Denis,933,magasin_de_revetements_murs_et_sols,1
91,Les Ulis,913,magasin_de_revetements_murs_et_sols,2
93,Épinay-sur-Seine,933,magasin_de_revetements_murs_et_sols,1
77,Vulaines-sur-Seine,774,magasin_de_revetements_murs_et_sols,1
75,Paris 7e Arrondissement,751,magasin_de_revetements_murs_et_sols,18
92,Courbevoie,922,magasin_de_revetements_murs_et_sols,2
91,Sainte-Geneviève-des-Bois,913,magasin_de_revetements_murs_et_sols,5
75,Paris 12e Arrondissement,751,magasin_de_revetements_murs_et_sols,7
95,Argenteuil,951,magasin_de_revetements_murs_et_sols,3
75,Paris 19e Arrondissement,751,magasin_de_revetements_murs_et_sols,3
94,Le Kremlin-Bicêtre,943,magasin_de_revetements_murs_et_sols,1
91,Viry-Châtillon,912,magasin_de_revetements_murs_et_sols,1
91,Massy,913,magasin_de_revetements_murs_et_sols,1
78,Le Chesnay,784,magasin_de_revetements_murs_et_sols,1
78,Buchelay,781,magasin_de_revetements_murs_et_sols,1
93,Romainville,931,magasin_de_revetements_murs_et_sols,2
94,Chennevières-sur-Marne,942,magasin_de_revetements_murs_et_sols,3
92,Antony,921,magasin_de_revetements_murs_et_sols,1
78,Plaisir,784,magasin_de_revetements_murs_et_sols,3
77,Chelles,775,magasin_de_revetements_murs_et_sols,1
95,Saint-Gratien,952,magasin_de_revetements_murs_et_sols,2
93,Pantin,931,magasin_de_revetements_murs_et_sols,1
92,Saint-Cloud,923,magasin_de_revetements_murs_et_sols,3
92,Bagneux,921,magasin_de_revetements_murs_et_sols,1
94,Thiais,943,magasin_de_revetements_murs_et_sols,3
94,Alfortville,941,magasin_de_revetements_murs_et_sols,1
77,Lognes,775,magasin_de_revetements_murs_et_sols,1
75,Paris 4e Arrondissement,751,magasin_de_revetements_murs_et_sols,2
75,Paris 13e Arrondissement,751,magasin_de_revetements_murs_et_sols,5
75,Paris 10e Arrondissement,751,magasin_de_revetements_murs_et_sols,16
93,Livry-Gargan,932,magasin_de_revetements_murs_et_sols,1
94,Santeny,941,droguerie_quincaillerie_bricolage,1
94,Cachan,943,droguerie_quincaillerie_bricolage,8
77,Lagny-sur-Marne,775,droguerie_quincaillerie_bricolage,2
91,Savigny-sur-Orge,913,droguerie_quincaillerie_bricolage,3
93,Villemomble,931,droguerie_quincaillerie_bricolage,3
78,Saint-Cyr-l'École,784,droguerie_quincaillerie_bricolage,1
78,Saint-Léger-en-Yvelines,782,droguerie_quincaillerie_bricolage,1
91,La Ferté-Alais,911,droguerie_quincaillerie_bricolage,2
94,Mandres-les-Roses,941,droguerie_quincaillerie_bricolage,2
78,Coignières,782,droguerie_quincaillerie_bricolage,4
92,Boulogne-Billancourt,923,droguerie_quincaillerie_bricolage,14
78,Bouafle,781,droguerie_quincaillerie_bricolage,1
77,Vaires-sur-Marne,775,droguerie_quincaillerie_bricolage,2
78,Poissy,783,droguerie_quincaillerie_bricolage,1
91,Juvisy-sur-Orge,913,droguerie_quincaillerie_bricolage,2
93,Le Blanc-Mesnil,932,droguerie_quincaillerie_bricolage,1
95,Montigny-lès-Cormeilles,951,droguerie_quincaillerie_bricolage,2
77,Mareuil-lès-Meaux,771,droguerie_quincaillerie_bricolage,2
93,Les Pavillons-sous-Bois,931,droguerie_quincaillerie_bricolage,1
77,Fontainebleau,774,droguerie_quincaillerie_bricolage,3
75,Paris 3e Arrondissement,751,droguerie_quincaillerie_bricolage,14
94,Boissy-Saint-Léger,941,droguerie_quincaillerie_bricolage,1
95,Villers-en-Arthies,953,droguerie_quincaillerie_bricolage,1
95,Herblay,951,droguerie_quincaillerie_bricolage,4
95,Beaumont-sur-Oise,953,droguerie_quincaillerie_bricolage,2
75,Paris 1er Arrondissement,751,droguerie_quincaillerie_bricolage,7
78,Vélizy-Villacoublay,784,droguerie_quincaillerie_bricolage,2
93,Sevran,932,droguerie_quincaillerie_bricolage,2
91,Fontenay-le-Vicomte,912,droguerie_quincaillerie_bricolage,1
91,Saint-Germain-lès-Corbeil,912,droguerie_quincaillerie_bricolage,1
78,Épône,781,droguerie_quincaillerie_bricolage,4
95,Marines,953,droguerie_quincaillerie_bricolage,2
77,Fontenay-Trésigny,773,droguerie_quincaillerie_bricolage,2
94,Charenton-le-Pont,941,droguerie_quincaillerie_bricolage,2
77,Esbly,771,droguerie_quincaillerie_bricolage,1
92,Montrouge,921,droguerie_quincaillerie_bricolage,1
94,Villejuif,943,droguerie_quincaillerie_bricolage,1
94,L'Haÿ-les-Roses,943,droguerie_quincaillerie_bricolage,2
93,Drancy,931,droguerie_quincaillerie_bricolage,3
91,Étréchy,911,droguerie_quincaillerie_bricolage,1
91,Saint-Germain-lès-Arpajon,913,droguerie_quincaillerie_bricolage,1
94,Villiers-sur-Marne,942,droguerie_quincaillerie_bricolage,3
91,Sermaise,911,droguerie_quincaillerie_bricolage,1
78,Rambouillet,782,droguerie_quincaillerie_bricolage,4
91,Brières-les-Scellés,911,droguerie_quincaillerie_bricolage,1
91,Angervilliers,911,droguerie_quincaillerie_bricolage,1
77,Blandy,772,droguerie_quincaillerie_bricolage,1
92,Neuilly-sur-Seine,922,droguerie_quincaillerie_bricolage,8
92,Clamart,921,droguerie_quincaillerie_bricolage,5
94,Vincennes,942,droguerie_quincaillerie_bricolage,1
78,La Queue-les-Yvelines,782,droguerie_quincaillerie_bricolage,2
91,Morigny-Champigny,911,droguerie_quincaillerie_bricolage,1
95,Ézanville,952,droguerie_quincaillerie_bricolage,2
93,Aubervilliers,933,droguerie_quincaillerie_bricolage,5
93,Saint-Ouen,933,droguerie_quincaillerie_bricolage,7
75,Paris 16e Arrondissement,751,droguerie_quincaillerie_bricolage,24
78,Les Mureaux,781,droguerie_quincaillerie_bricolage,1
91,Limours,913,droguerie_quincaillerie_bricolage,1
78,Viroflay,784,droguerie_quincaillerie_bricolage,1
75,Paris 17e Arrondissement,751,droguerie_quincaillerie_bricolage,27
77,Marolles-sur-Seine,773,droguerie_quincaillerie_bricolage,2
94,Arcueil,943,droguerie_quincaillerie_bricolage,1
78,Conflans-Sainte-Honorine,783,droguerie_quincaillerie_bricolage,3
95,Cergy,953,droguerie_quincaillerie_bricolage,1
77,Claye-Souilly,775,droguerie_quincaillerie_bricolage,2
78,Achères,783,droguerie_quincaillerie_bricolage,2
77,Couilly-Pont-aux-Dames,771,droguerie_quincaillerie_bricolage,1
77,Pringy,772,droguerie_quincaillerie_bricolage,1
91,Boissy-le-Cutté,911,droguerie_quincaillerie_bricolage,1
77,Ville-Saint-Jacques,774,droguerie_quincaillerie_bricolage,1
77,Saint-Fargeau-Ponthierry,772,droguerie_quincaillerie_bricolage,1
93,Bagnolet,931,droguerie_quincaillerie_bricolage,4
92,Rueil-Malmaison,922,droguerie_quincaillerie_bricolage,7
94,Saint-Maur-des-Fossés,941,droguerie_quincaillerie_bricolage,7
77,Courtry,775,droguerie_quincaillerie_bricolage,2
78,Saint-Germain-en-Laye,783,droguerie_quincaillerie_bricolage,6
77,Saint-Germain-Laval,773,droguerie_quincaillerie_bricolage,1
95,Jouy-le-Moutier,953,droguerie_quincaillerie_bricolage,1
75,Paris 20e Arrondissement,751,droguerie_quincaillerie_bricolage,22
78,Montfort-l'Amaury,782,droguerie_quincaillerie_bricolage,1
95,Magny-en-Vexin,953,droguerie_quincaillerie_bricolage,2
75,Paris 5e Arrondissement,751,droguerie_quincaillerie_bricolage,13
77,Quincy-Voisins,771,droguerie_quincaillerie_bricolage,1
78,Maisons-Laffitte,783,droguerie_quincaillerie_bricolage,2
93,Gagny,932,droguerie_quincaillerie_bricolage,2
77,Coubert,772,droguerie_quincaillerie_bricolage,1
91,Lisses,912,droguerie_quincaillerie_bricolage,1
95,Courdimanche,953,droguerie_quincaillerie_bricolage,1
95,Taverny,953,droguerie_quincaillerie_bricolage,2
78,Orgeval,783,droguerie_quincaillerie_bricolage,4
78,Montigny-le-Bretonneux,784,droguerie_quincaillerie_bricolage,2
78,Saint-Nom-la-Bretèche,783,droguerie_quincaillerie_bricolage,1
91,Oncy-sur-École,912,droguerie_quincaillerie_bricolage,1
77,Ozoir-la-Ferrière,775,droguerie_quincaillerie_bricolage,1
91,Corbeil-Essonnes,912,droguerie_quincaillerie_bricolage,2
75,Paris 18e Arrondissement,751,droguerie_quincaillerie_bricolage,30
95,Garges-lès-Gonesse,952,droguerie_quincaillerie_bricolage,4
77,Meaux,771,droguerie_quincaillerie_bricolage,10
92,Clichy,922,droguerie_quincaillerie_bricolage,7
94,Le Perreux-sur-Marne,942,droguerie_quincaillerie_bricolage,3
78,Houilles,783,droguerie_quincaillerie_bricolage,2
92,Issy-les-Moulineaux,923,droguerie_quincaillerie_bricolage,4
77,La Ferté-Gaucher,773,droguerie_quincaillerie_bricolage,3
78,Carrières-sur-Seine,783,droguerie_quincaillerie_bricolage,1
91,Boissy-sous-Saint-Yon,911,droguerie_quincaillerie_bricolage,1
92,Malakoff,921,droguerie_quincaillerie_bricolage,3
75,Paris 6e Arrondissement,751,droguerie_quincaillerie_bricolage,7
77,Coulommiers,771,droguerie_quincaillerie_bricolage,3
77,Brou-sur-Chantereine,775,droguerie_quincaillerie_bricolage,1
77,Le Châtelet-en-Brie,772,droguerie_quincaillerie_bricolage,1
95,Bessancourt,953,droguerie_quincaillerie_bricolage,1
95,Enghien-les-Bains,952,droguerie_quincaillerie_bricolage,2
94,Saint-Maurice,941,droguerie_quincaillerie_bricolage,1
77,Servon,772,droguerie_quincaillerie_bricolage,3
78,Bonnelles,782,droguerie_quincaillerie_bricolage,1
95,Montmorency,952,droguerie_quincaillerie_bricolage,2
95,Le Thillay,952,droguerie_quincaillerie_bricolage,2
91,Dourdan,911,droguerie_quincaillerie_bricolage,2
95,Roissy-en-France,952,droguerie_quincaillerie_bricolage,1
78,Mantes-la-Jolie,781,droguerie_quincaillerie_bricolage,3
77,Sammeron,771,droguerie_quincaillerie_bricolage,1
93,Bondy,931,droguerie_quincaillerie_bricolage,1
78,Croissy-sur-Seine,783,droguerie_quincaillerie_bricolage,2
95,Franconville,953,droguerie_quincaillerie_bricolage,2
91,Bruyères-le-Châtel,913,droguerie_quincaillerie_bricolage,1
75,Paris 8e Arrondissement,751,droguerie_quincaillerie_bricolage,9
91,Morsang-sur-Orge,912,droguerie_quincaillerie_bricolage,1
91,Angerville,911,droguerie_quincaillerie_bricolage,1
93,Les Lilas,931,droguerie_quincaillerie_bricolage,1
75,Paris 14e Arrondissement,751,droguerie_quincaillerie_bricolage,23
75,Paris 11e Arrondissement,751,droguerie_quincaillerie_bricolage,36
77,Chailly-en-Bière,772,droguerie_quincaillerie_bricolage,1
91,Villebon-sur-Yvette,913,droguerie_quincaillerie_bricolage,2
94,Champigny-sur-Marne,942,droguerie_quincaillerie_bricolage,7
94,Fontenay-sous-Bois,942,droguerie_quincaillerie_bricolage,4
75,Paris 15e Arrondissement,751,droguerie_quincaillerie_bricolage,30
77,Serris,775,droguerie_quincaillerie_bricolage,1
78,Houdan,781,droguerie_quincaillerie_bricolage,1
78,Meulan-en-Yvelines,781,droguerie_quincaillerie_bricolage,1
91,Étampes,911,droguerie_quincaillerie_bricolage,1
77,Le Mée-sur-Seine,772,droguerie_quincaillerie_bricolage,1
92,La Garenne-Colombes,922,droguerie_quincaillerie_bricolage,6
93,Rosny-sous-Bois,931,droguerie_quincaillerie_bricolage,2
93,Neuilly-Plaisance,932,droguerie_quincaillerie_bricolage,3
93,Le Pré-Saint-Gervais,931,droguerie_quincaillerie_bricolage,3
92,Levallois-Perret,922,droguerie_quincaillerie_bricolage,4
95,Puiseux-Pontoise,953,droguerie_quincaillerie_bricolage,2
95,Arnouville,952,droguerie_quincaillerie_bricolage,2
77,Croissy-Beaubourg,775,droguerie_quincaillerie_bricolage,1
78,La Celle-Saint-Cloud,783,droguerie_quincaillerie_bricolage,1
77,Montereau-Fault-Yonne,773,droguerie_quincaillerie_bricolage,2
78,Chambourcy,783,droguerie_quincaillerie_bricolage,2
91,Palaiseau,913,droguerie_quincaillerie_bricolage,4
95,Sarcelles,952,droguerie_quincaillerie_bricolage,8
95,Villiers-le-Bel,952,droguerie_quincaillerie_bricolage,1
93,Aulnay-sous-Bois,932,droguerie_quincaillerie_bricolage,2
91,La Ville-du-Bois,913,droguerie_quincaillerie_bricolage,2
95,Pierrelaye,953,droguerie_quincaillerie_bricolage,2
77,Boissise-le-Roi,772,droguerie_quincaillerie_bricolage,2
91,Draveil,912,droguerie_quincaillerie_bricolage,3
92,Villeneuve-la-Garenne,922,droguerie_quincaillerie_bricolage,1
93,Coubron,932,droguerie_quincaillerie_bricolage,1
94,Fresnes,943,droguerie_quincaillerie_bricolage,1
75,Paris 9e Arrondissement,751,droguerie_quincaillerie_bricolage,8
77,Pontault-Combault,775,droguerie_quincaillerie_bricolage,7
78,Flins-sur-Seine,781,droguerie_quincaillerie_bricolage,1
94,Ivry-sur-Seine,941,droguerie_quincaillerie_bricolage,3
95,Chaumontel,952,droguerie_quincaillerie_bricolage,1
78,Les Essarts-le-Roi,782,droguerie_quincaillerie_bricolage,1
95,Domont,952,droguerie_quincaillerie_bricolage,1
93,Bobigny,931,droguerie_quincaillerie_bricolage,2
95,Bezons,951,droguerie_quincaillerie_bricolage,2
95,Goussainville,952,droguerie_quincaillerie_bricolage,2
77,Écuelles,774,droguerie_quincaillerie_bricolage,1
78,Sartrouville,783,droguerie_quincaillerie_bricolage,5
95,Ermont,953,droguerie_quincaillerie_bricolage,4
95,Saint-Brice-sous-Forêt,952,droguerie_quincaillerie_bricolage,3
93,Noisy-le-Grand,932,droguerie_quincaillerie_bricolage,1
95,Sannois,951,droguerie_quincaillerie_bricolage,4
91,Varennes-Jarcy,912,droguerie_quincaillerie_bricolage,1
77,Dampmart,775,droguerie_quincaillerie_bricolage,1
95,Saint-Leu-la-Forêt,953,droguerie_quincaillerie_bricolage,1
94,Saint-Mandé,942,droguerie_quincaillerie_bricolage,2
95,Mériel,953,droguerie_quincaillerie_bricolage,1
94,Vitry-sur-Seine,941,droguerie_quincaillerie_bricolage,7
92,Colombes,922,droguerie_quincaillerie_bricolage,4
77,Voulangis,771,droguerie_quincaillerie_bricolage,1
77,Crécy-la-Chapelle,771,droguerie_quincaillerie_bricolage,1
78,Chatou,783,droguerie_quincaillerie_bricolage,3
77,Rubelles,772,droguerie_quincaillerie_bricolage,1
77,Chanteloup-en-Brie,775,droguerie_quincaillerie_bricolage,1
91,Saint-Pierre-du-Perray,912,droguerie_quincaillerie_bricolage,1
95,Saint-Prix,953,droguerie_quincaillerie_bricolage,3
95,Andilly,952,droguerie_quincaillerie_bricolage,1
92,Nanterre,922,droguerie_quincaillerie_bricolage,3
77,Tournan-en-Brie,772,droguerie_quincaillerie_bricolage,1
91,Linas,913,droguerie_quincaillerie_bricolage,2
78,Versailles,784,droguerie_quincaillerie_bricolage,6
92,Garches,922,droguerie_quincaillerie_bricolage,2
91,Fleury-Mérogis,912,droguerie_quincaillerie_bricolage,1
78,Maurecourt,783,droguerie_quincaillerie_bricolage,1
95,Neuville-sur-Oise,953,droguerie_quincaillerie_bricolage,1
77,La Ferté-sous-Jouarre,771,droguerie_quincaillerie_bricolage,4
77,Melun,772,droguerie_quincaillerie_bricolage,2
78,Les Loges-en-Josas,784,droguerie_quincaillerie_bricolage,1
91,Ormoy,912,droguerie_quincaillerie_bricolage,1
95,Gonesse,952,droguerie_quincaillerie_bricolage,5
92,Chaville,923,droguerie_quincaillerie_bricolage,4
93,Montreuil,931,droguerie_quincaillerie_bricolage,5
95,Beauchamp,953,droguerie_quincaillerie_bricolage,3
91,Saintry-sur-Seine,912,droguerie_quincaillerie_bricolage,1
77,Provins,773,droguerie_quincaillerie_bricolage,1
78,Voisins-le-Bretonneux,782,droguerie_quincaillerie_bricolage,2
94,Villecresnes,941,droguerie_quincaillerie_bricolage,2
95,Osny,953,droguerie_quincaillerie_bricolage,2
77,Mortcerf,773,droguerie_quincaillerie_bricolage,2
92,Fontenay-aux-Roses,921,droguerie_quincaillerie_bricolage,1
94,La Queue-en-Brie,942,droguerie_quincaillerie_bricolage,1
93,Stains,933,droguerie_quincaillerie_bricolage,3
95,Cormeilles-en-Parisis,951,droguerie_quincaillerie_bricolage,1
91,Brétigny-sur-Orge,913,droguerie_quincaillerie_bricolage,3
78,Jouars-Pontchartrain,782,droguerie_quincaillerie_bricolage,2
78,Guerville,781,droguerie_quincaillerie_bricolage,1
77,Bourron-Marlotte,774,droguerie_quincaillerie_bricolage,1
92,Puteaux,922,droguerie_quincaillerie_bricolage,1
75,Paris 2e Arrondissement,751,droguerie_quincaillerie_bricolage,7
77,Savigny-le-Temple,772,droguerie_quincaillerie_bricolage,2
78,Le Vésinet,783,droguerie_quincaillerie_bricolage,4
91,Écharcon,912,droguerie_quincaillerie_bricolage,1
78,Mantes-la-Ville,781,droguerie_quincaillerie_bricolage,1
91,Ris-Orangis,912,droguerie_quincaillerie_bricolage,3
94,Joinville-le-Pont,942,droguerie_quincaillerie_bricolage,1
77,Yèbles,772,droguerie_quincaillerie_bricolage,1
93,La Courneuve,933,droguerie_quincaillerie_bricolage,1
77,Nangis,773,droguerie_quincaillerie_bricolage,1
77,Boissy-le-Châtel,771,droguerie_quincaillerie_bricolage,2
92,Sèvres,923,droguerie_quincaillerie_bricolage,1
93,Saint-Denis,933,droguerie_quincaillerie_bricolage,7
95,Saint-Witz,952,droguerie_quincaillerie_bricolage,1
91,Champlan,913,droguerie_quincaillerie_bricolage,1
95,Auvers-sur-Oise,953,droguerie_quincaillerie_bricolage,1
95,Baillet-en-France,952,droguerie_quincaillerie_bricolage,3
95,Eaubonne,953,droguerie_quincaillerie_bricolage,1
77,Brie-Comte-Robert,772,droguerie_quincaillerie_bricolage,1
95,Béthemont-la-Forêt,953,droguerie_quincaillerie_bricolage,1
93,Épinay-sur-Seine,933,droguerie_quincaillerie_bricolage,1
91,Montlhéry,913,droguerie_quincaillerie_bricolage,3
95,Neuilly-en-Vexin,953,droguerie_quincaillerie_bricolage,1
77,Villeparisis,775,droguerie_quincaillerie_bricolage,1
75,Paris 7e Arrondissement,751,droguerie_quincaillerie_bricolage,11
92,Vanves,921,droguerie_quincaillerie_bricolage,1
91,Chilly-Mazarin,913,droguerie_quincaillerie_bricolage,1
91,Yerres,912,droguerie_quincaillerie_bricolage,2
77,Nemours,774,droguerie_quincaillerie_bricolage,2
92,Courbevoie,922,droguerie_quincaillerie_bricolage,1
91,Sainte-Geneviève-des-Bois,913,droguerie_quincaillerie_bricolage,3
75,Paris 12e Arrondissement,751,droguerie_quincaillerie_bricolage,31
95,Deuil-la-Barre,952,droguerie_quincaillerie_bricolage,2
77,Vert-Saint-Denis,772,droguerie_quincaillerie_bricolage,2
77,Bray-sur-Seine,773,droguerie_quincaillerie_bricolage,1
95,Argenteuil,951,droguerie_quincaillerie_bricolage,11
77,Villevaudé,775,droguerie_quincaillerie_bricolage,1
75,Paris 19e Arrondissement,751,droguerie_quincaillerie_bricolage,11
78,Limay,781,droguerie_quincaillerie_bricolage,2
94,Orly,941,droguerie_quincaillerie_bricolage,1
94,Le Kremlin-Bicêtre,943,droguerie_quincaillerie_bricolage,2
91,Viry-Châtillon,912,droguerie_quincaillerie_bricolage,2
78,Aubergenville,781,droguerie_quincaillerie_bricolage,1
95,Le Plessis-Bouchard,953,droguerie_quincaillerie_bricolage,1
78,Le Chesnay,784,droguerie_quincaillerie_bricolage,1
91,Cerny,911,droguerie_quincaillerie_bricolage,2
78,Buchelay,781,droguerie_quincaillerie_bricolage,1
78,Maulette,781,droguerie_quincaillerie_bricolage,2
95,Persan,953,droguerie_quincaillerie_bricolage,1
93,Romainville,931,droguerie_quincaillerie_bricolage,1
78,Limetz-Villez,781,droguerie_quincaillerie_bricolage,1
93,Gournay-sur-Marne,932,droguerie_quincaillerie_bricolage,1
78,Aigremont,783,droguerie_quincaillerie_bricolage,1
94,Chennevières-sur-Marne,942,droguerie_quincaillerie_bricolage,4
92,Suresnes,922,droguerie_quincaillerie_bricolage,3
91,Bondoufle,912,droguerie_quincaillerie_bricolage,1
91,Grigny,912,droguerie_quincaillerie_bricolage,1
91,Dannemois,912,droguerie_quincaillerie_bricolage,1
92,Antony,921,droguerie_quincaillerie_bricolage,5
77,Roissy-en-Brie,775,droguerie_quincaillerie_bricolage,2
78,Plaisir,784,droguerie_quincaillerie_bricolage,1
77,Guignes,772,droguerie_quincaillerie_bricolage,1
94,Le Plessis-Trévise,942,droguerie_quincaillerie_bricolage,1
77,Chelles,775,droguerie_quincaillerie_bricolage,6
78,Le Pecq,783,droguerie_quincaillerie_bricolage,1
95,Saint-Gratien,952,droguerie_quincaillerie_bricolage,2
93,Pantin,931,droguerie_quincaillerie_bricolage,1
94,Gentilly,943,droguerie_quincaillerie_bricolage,2
91,Pussay,911,droguerie_quincaillerie_bricolage,1
92,Gennevilliers,922,droguerie_quincaillerie_bricolage,1
92,Saint-Cloud,923,droguerie_quincaillerie_bricolage,1
92,Asnières-sur-Seine,922,droguerie_quincaillerie_bricolage,9
92,Bagneux,921,droguerie_quincaillerie_bricolage,1
94,Thiais,943,droguerie_quincaillerie_bricolage,1
77,Mouroux,771,droguerie_quincaillerie_bricolage,2
94,Maisons-Alfort,941,droguerie_quincaillerie_bricolage,5
95,Saint-Ouen-l'Aumône,953,droguerie_quincaillerie_bricolage,8
77,Dammarie-les-Lys,772,droguerie_quincaillerie_bricolage,2
77,Salins,773,droguerie_quincaillerie_bricolage,1
94,Alfortville,941,droguerie_quincaillerie_bricolage,2
77,Lognes,775,droguerie_quincaillerie_bricolage,1
75,Paris 4e Arrondissement,751,droguerie_quincaillerie_bricolage,4
75,Paris 13e Arrondissement,751,droguerie_quincaillerie_bricolage,10
91,Montgeron,912,droguerie_quincaillerie_bricolage,2
75,Paris 10e Arrondissement,751,droguerie_quincaillerie_bricolage,17
91,Soisy-sur-Seine,912,droguerie_quincaillerie_bricolage,1
93,Livry-Gargan,932,droguerie_quincaillerie_bricolage,3
78,Le Perray-en-Yvelines,782,droguerie_quincaillerie_bricolage,2
94,Bry-sur-Marne,942,droguerie_quincaillerie_bricolage,1
94,Cachan,943,parfumerie,1
77,Lagny-sur-Marne,775,parfumerie,4
91,Savigny-sur-Orge,913,parfumerie,4
77,Le Mesnil-Amelot,771,parfumerie,1
77,Perthes,772,parfumerie,1
91,Marolles-en-Hurepoix,913,parfumerie,1
92,Bois-Colombes,922,parfumerie,4
78,Coignières,782,parfumerie,1
77,Collégien,775,parfumerie,5
93,Neuilly-sur-Marne,932,parfumerie,1
78,Louveciennes,783,parfumerie,1
77,Torcy,775,parfumerie,1
92,Boulogne-Billancourt,923,parfumerie,16
78,Poissy,783,parfumerie,4
91,Juvisy-sur-Orge,913,parfumerie,4
93,Le Blanc-Mesnil,932,parfumerie,2
95,Montigny-lès-Cormeilles,951,parfumerie,4
95,Pontoise,953,parfumerie,2
77,Moissy-Cramayel,772,parfumerie,2
93,Les Pavillons-sous-Bois,931,parfumerie,3
91,Breuillet,911,parfumerie,2
77,Fontainebleau,774,parfumerie,5
75,Paris 3e Arrondissement,751,parfumerie,30
94,Boissy-Saint-Léger,941,parfumerie,1
95,Herblay,951,parfumerie,1
75,Paris 1er Arrondissement,751,parfumerie,82
78,Vélizy-Villacoublay,784,parfumerie,9
93,Sevran,932,parfumerie,5
95,Bray-et-Lû,953,parfumerie,1
95,Fosses,952,parfumerie,1
91,Quincy-sous-Sénart,912,parfumerie,2
94,Charenton-le-Pont,941,parfumerie,5
77,Esbly,771,parfumerie,1
92,Montrouge,921,parfumerie,3
94,Villejuif,943,parfumerie,6
94,L'Haÿ-les-Roses,943,parfumerie,1
93,Drancy,931,parfumerie,6
91,Étréchy,911,parfumerie,1
91,Saint-Germain-lès-Arpajon,913,parfumerie,1
94,Villiers-sur-Marne,942,parfumerie,4
78,Rambouillet,782,parfumerie,7
92,Neuilly-sur-Seine,922,parfumerie,20
92,Clamart,921,parfumerie,7
77,Bussy-Saint-Georges,775,parfumerie,1
77,Sivry-Courtry,772,parfumerie,1
77,Gretz-Armainvilliers,772,parfumerie,1
94,Vincennes,942,parfumerie,10
77,Cesson,772,parfumerie,2
77,Presles-en-Brie,772,parfumerie,1
93,Aubervilliers,933,parfumerie,12
93,Saint-Ouen,933,parfumerie,5
75,Paris 16e Arrondissement,751,parfumerie,72
91,Longjumeau,913,parfumerie,1
78,Les Mureaux,781,parfumerie,5
91,Limours,913,parfumerie,1
91,Orsay,913,parfumerie,2
75,Paris 17e Arrondissement,751,parfumerie,63
92,Bourg-la-Reine,921,parfumerie,1
93,Le Raincy,932,parfumerie,2
77,Mauregard,771,parfumerie,2
77,Montceaux-lès-Meaux,771,parfumerie,1
92,Châtillon,921,parfumerie,4
94,Arcueil,943,parfumerie,6
78,Conflans-Sainte-Honorine,783,parfumerie,6
95,Cergy,953,parfumerie,5
77,Claye-Souilly,775,parfumerie,2
78,Achères,783,parfumerie,1
93,Noisy-le-Sec,931,parfumerie,2
92,Sceaux,921,parfumerie,2
93,Bagnolet,931,parfumerie,5
92,Rueil-Malmaison,922,parfumerie,10
77,Combs-la-Ville,772,parfumerie,1
94,Saint-Maur-des-Fossés,941,parfumerie,13
91,Corbreuse,911,parfumerie,1
78,Saint-Germain-en-Laye,783,parfumerie,12
95,Jouy-le-Moutier,953,parfumerie,1
75,Paris 20e Arrondissement,751,parfumerie,34
78,Maurepas,782,parfumerie,6
95,L'Isle-Adam,953,parfumerie,4
75,Paris 5e Arrondissement,751,parfumerie,20
77,Quincy-Voisins,771,parfumerie,1
78,Maisons-Laffitte,783,parfumerie,3
93,Gagny,932,parfumerie,2
95,Vauréal,953,parfumerie,1
94,Valenton,941,parfumerie,2
95,Courdimanche,953,parfumerie,1
77,Lésigny,772,parfumerie,1
95,Taverny,953,parfumerie,4
78,Orgeval,783,parfumerie,4
78,Montigny-le-Bretonneux,784,parfumerie,7
91,Oncy-sur-École,912,parfumerie,1
77,Ozoir-la-Ferrière,775,parfumerie,1
95,Maffliers,952,parfumerie,1
91,Corbeil-Essonnes,912,parfumerie,1
75,Paris 18e Arrondissement,751,parfumerie,86
95,Garges-lès-Gonesse,952,parfumerie,1
91,Crosne,912,parfumerie,3
77,Meaux,771,parfumerie,8
92,Clichy,922,parfumerie,11
94,Villeneuve-Saint-Georges,941,parfumerie,4
94,Le Perreux-sur-Marne,942,parfumerie,3
91,Wissous,913,parfumerie,1
78,Houilles,783,parfumerie,4
92,Issy-les-Moulineaux,923,parfumerie,9
92,Malakoff,921,parfumerie,1
94,Sucy-en-Brie,941,parfumerie,1
75,Paris 6e Arrondissement,751,parfumerie,41
77,Coulommiers,771,parfumerie,6
95,Enghien-les-Bains,952,parfumerie,7
94,Saint-Maurice,941,parfumerie,1
95,Bouffémont,952,parfumerie,1
93,Villetaneuse,933,parfumerie,1
95,Montmorency,952,parfumerie,1
78,Mantes-la-Jolie,781,parfumerie,10
95,Moisselles,952,parfumerie,1
91,Athis-Mons,913,parfumerie,2
78,Croissy-sur-Seine,783,parfumerie,1
95,Franconville,953,parfumerie,2
91,Évry,912,parfumerie,10
77,Mitry-Mory,771,parfumerie,2
94,Villeneuve-le-Roi,941,parfumerie,1
75,Paris 8e Arrondissement,751,parfumerie,98
77,Lieusaint,772,parfumerie,6
91,Angerville,911,parfumerie,1
93,Les Lilas,931,parfumerie,8
75,Paris 14e Arrondissement,751,parfumerie,35
75,Paris 11e Arrondissement,751,parfumerie,36
91,Villebon-sur-Yvette,913,parfumerie,2
94,Champigny-sur-Marne,942,parfumerie,4
94,Fontenay-sous-Bois,942,parfumerie,5
95,Presles,953,parfumerie,1
75,Paris 15e Arrondissement,751,parfumerie,72
77,Serris,775,parfumerie,6
95,Soisy-sous-Montmorency,952,parfumerie,1
78,Bois-d'Arcy,784,parfumerie,1
77,Varennes-sur-Seine,773,parfumerie,1
78,Meulan-en-Yvelines,781,parfumerie,1
91,Étampes,911,parfumerie,2
78,Magny-les-Hameaux,782,parfumerie,1
77,Le Mée-sur-Seine,772,parfumerie,2
92,La Garenne-Colombes,922,parfumerie,3
93,Rosny-sous-Bois,931,parfumerie,12
77,Villiers-en-Bière,772,parfumerie,4
93,Le Pré-Saint-Gervais,931,parfumerie,1
93,Vaujours,932,parfumerie,1
94,Créteil,941,parfumerie,13
92,Levallois-Perret,922,parfumerie,14
93,Clichy-sous-Bois,932,parfumerie,2
95,Arnouville,952,parfumerie,1
77,Croissy-Beaubourg,775,parfumerie,2
78,La Celle-Saint-Cloud,783,parfumerie,3
77,Montereau-Fault-Yonne,773,parfumerie,3
78,Chambourcy,783,parfumerie,1
91,Palaiseau,913,parfumerie,1
95,Sarcelles,952,parfumerie,9
93,Aulnay-sous-Bois,932,parfumerie,8
91,La Ville-du-Bois,913,parfumerie,3
95,Pierrelaye,953,parfumerie,1
91,Verrières-le-Buisson,913,parfumerie,2
91,Draveil,912,parfumerie,1
92,Villeneuve-la-Garenne,922,parfumerie,6
75,Paris 9e Arrondissement,751,parfumerie,74
77,Pontault-Combault,775,parfumerie,7
78,Flins-sur-Seine,781,parfumerie,3
78,Montesson,783,parfumerie,2
94,Ivry-sur-Seine,941,parfumerie,7
77,Moret-sur-Loing,774,parfumerie,1
91,Saint-Michel-sur-Orge,913,parfumerie,2
95,Domont,952,parfumerie,2
91,Boussy-Saint-Antoine,912,parfumerie,1
93,Bobigny,931,parfumerie,6
95,Bezons,951,parfumerie,2
95,Goussainville,952,parfumerie,2
78,Sartrouville,783,parfumerie,4
77,Boissettes,772,parfumerie,1
95,Ermont,953,parfumerie,1
95,Saint-Brice-sous-Forêt,952,parfumerie,2
93,Noisy-le-Grand,932,parfumerie,8
95,Sannois,951,parfumerie,3
92,Meudon,923,parfumerie,5
91,Vigneux-sur-Seine,912,parfumerie,3
95,Saint-Leu-la-Forêt,953,parfumerie,2
94,Saint-Mandé,942,parfumerie,3
78,Fontenay-le-Fleury,784,parfumerie,2
94,Vitry-sur-Seine,941,parfumerie,4
92,Colombes,922,parfumerie,9
78,Trappes,784,parfumerie,1
78,Chatou,783,parfumerie,1
91,Villabé,912,parfumerie,3
78,Vernouillet,783,parfumerie,2
92,Nanterre,922,parfumerie,8
95,Gouzangrez,953,parfumerie,1
77,Tournan-en-Brie,772,parfumerie,1
78,Morainvilliers,783,parfumerie,1
78,Versailles,784,parfumerie,13
92,Garches,922,parfumerie,3
95,Éragny,953,parfumerie,3
91,Fleury-Mérogis,912,parfumerie,1
77,Château-Landon,774,parfumerie,1
78,Oinville-sur-Montcient,781,parfumerie,1
77,Coulommes,771,parfumerie,1
77,La Ferté-sous-Jouarre,771,parfumerie,1
77,Melun,772,parfumerie,4
91,Saint-Chéron,911,parfumerie,1
95,Gonesse,952,parfumerie,3
93,Montreuil,931,parfumerie,6
95,Beauchamp,953,parfumerie,1
77,Provins,773,parfumerie,5
94,Choisy-le-Roi,941,parfumerie,3
78,Voisins-le-Bretonneux,782,parfumerie,2
91,Épinay-sous-Sénart,912,parfumerie,1
77,Avon,774,parfumerie,1
95,Osny,953,parfumerie,4
78,Ecquevilly,781,parfumerie,1
92,Fontenay-aux-Roses,921,parfumerie,2
93,Stains,933,parfumerie,2
91,Brétigny-sur-Orge,913,parfumerie,5
94,Nogent-sur-Marne,942,parfumerie,3
92,Puteaux,922,parfumerie,13
75,Paris 2e Arrondissement,751,parfumerie,30
78,Le Vésinet,783,parfumerie,5
78,Mantes-la-Ville,781,parfumerie,1
91,Ris-Orangis,912,parfumerie,1
94,Joinville-le-Pont,942,parfumerie,3
93,La Courneuve,933,parfumerie,2
77,Nangis,773,parfumerie,1
95,Champagne-sur-Oise,953,parfumerie,1
93,Saint-Denis,933,parfumerie,28
93,Tremblay-en-France,932,parfumerie,5
95,Eaubonne,953,parfumerie,2
77,Brie-Comte-Robert,772,parfumerie,1
91,Les Ulis,913,parfumerie,2
93,Pierrefitte-sur-Seine,933,parfumerie,2
93,Épinay-sur-Seine,933,parfumerie,5
91,Montlhéry,913,parfumerie,1
77,Villeparisis,775,parfumerie,1
75,Paris 7e Arrondissement,751,parfumerie,28
92,Vanves,921,parfumerie,2
91,Chilly-Mazarin,913,parfumerie,3
77,Magny-le-Hongre,775,parfumerie,1
77,Nemours,774,parfumerie,3
92,Courbevoie,922,parfumerie,10
91,Sainte-Geneviève-des-Bois,913,parfumerie,6
75,Paris 12e Arrondissement,751,parfumerie,37
95,Deuil-la-Barre,952,parfumerie,2
95,Écouen,952,parfumerie,1
91,Vert-le-Grand,912,parfumerie,1
78,Villennes-sur-Seine,783,parfumerie,1
95,Argenteuil,951,parfumerie,16
78,Chavenay,783,parfumerie,1
75,Paris 19e Arrondissement,751,parfumerie,31
78,Limay,781,parfumerie,1
94,Orly,941,parfumerie,4
94,Le Kremlin-Bicêtre,943,parfumerie,4
93,L'Île-Saint-Denis,933,parfumerie,1
91,Viry-Châtillon,912,parfumerie,2
95,Louvres,952,parfumerie,1
92,Le Plessis-Robinson,921,parfumerie,1
91,Massy,913,parfumerie,6
78,Le Chesnay,784,parfumerie,8
77,Compans,771,parfumerie,1
91,Courcouronnes,912,parfumerie,1
92,Ville-d'Avray,923,parfumerie,1
94,Chennevières-sur-Marne,942,parfumerie,3
92,Suresnes,922,parfumerie,6
91,Grigny,912,parfumerie,2
77,Saint-Pathus,771,parfumerie,1
92,Antony,921,parfumerie,6
78,Plaisir,784,parfumerie,4
94,Le Plessis-Trévise,942,parfumerie,1
77,Chelles,775,parfumerie,6
91,Milly-la-Forêt,912,parfumerie,2
77,Nandy,772,parfumerie,1
78,Le Pecq,783,parfumerie,1
95,Saint-Gratien,952,parfumerie,1
93,Pantin,931,parfumerie,6
94,Gentilly,943,parfumerie,2
92,Gennevilliers,922,parfumerie,2
92,Saint-Cloud,923,parfumerie,3
93,Le Bourget,931,parfumerie,2
92,Asnières-sur-Seine,922,parfumerie,12
92,Bagneux,921,parfumerie,2
94,Thiais,943,parfumerie,13
91,Mennecy,912,parfumerie,1
94,Maisons-Alfort,941,parfumerie,3
91,Arpajon,913,parfumerie,5
77,Dammarie-les-Lys,772,parfumerie,1
94,Alfortville,941,parfumerie,1
77,Lognes,775,parfumerie,1
75,Paris 4e Arrondissement,751,parfumerie,37
75,Paris 13e Arrondissement,751,parfumerie,27
91,Paray-Vieille-Poste,913,parfumerie,3
91,Montgeron,912,parfumerie,3
78,Chevreuse,782,parfumerie,1
78,Marly-le-Roi,783,parfumerie,1
75,Paris 10e Arrondissement,751,parfumerie,78
93,Livry-Gargan,932,parfumerie,2
78,Le Perray-en-Yvelines,782,parfumerie,1
77,Champs-sur-Marne,775,parfumerie,3
94,Bry-sur-Marne,942,parfumerie,2
91,Épinay-sur-Orge,913,parfumerie,2
94,Cachan,943,horlogerie_bijouterie,2
77,Lagny-sur-Marne,775,horlogerie_bijouterie,3
91,Savigny-sur-Orge,913,horlogerie_bijouterie,4
93,Villemomble,931,horlogerie_bijouterie,3
77,Le Mesnil-Amelot,771,horlogerie_bijouterie,1
91,La Ferté-Alais,911,horlogerie_bijouterie,1
77,Collégien,775,horlogerie_bijouterie,8
93,Neuilly-sur-Marne,932,horlogerie_bijouterie,4
92,Boulogne-Billancourt,923,horlogerie_bijouterie,12
78,Saint-Rémy-lès-Chevreuse,782,horlogerie_bijouterie,1
78,Poissy,783,horlogerie_bijouterie,4
91,Juvisy-sur-Orge,913,horlogerie_bijouterie,3
93,Le Blanc-Mesnil,932,horlogerie_bijouterie,5
95,Montigny-lès-Cormeilles,951,horlogerie_bijouterie,3
95,Pontoise,953,horlogerie_bijouterie,3
77,Montévrain,775,horlogerie_bijouterie,1
93,Les Pavillons-sous-Bois,931,horlogerie_bijouterie,4
77,Fontainebleau,774,horlogerie_bijouterie,8
75,Paris 3e Arrondissement,751,horlogerie_bijouterie,52
94,Boissy-Saint-Léger,941,horlogerie_bijouterie,1
95,Beaumont-sur-Oise,953,horlogerie_bijouterie,1
75,Paris 1er Arrondissement,751,horlogerie_bijouterie,130
78,Vélizy-Villacoublay,784,horlogerie_bijouterie,14
93,Sevran,932,horlogerie_bijouterie,6
77,Fontenay-Trésigny,773,horlogerie_bijouterie,2
94,Charenton-le-Pont,941,horlogerie_bijouterie,5
77,Esbly,771,horlogerie_bijouterie,1
92,Montrouge,921,horlogerie_bijouterie,2
94,Villejuif,943,horlogerie_bijouterie,5
94,L'Haÿ-les-Roses,943,horlogerie_bijouterie,1
93,Drancy,931,horlogerie_bijouterie,9
91,Étréchy,911,horlogerie_bijouterie,1
78,Rambouillet,782,horlogerie_bijouterie,5
92,Neuilly-sur-Seine,922,horlogerie_bijouterie,8
92,Clamart,921,horlogerie_bijouterie,5
77,Bussy-Saint-Georges,775,horlogerie_bijouterie,1
77,Gretz-Armainvilliers,772,horlogerie_bijouterie,1
94,Vincennes,942,horlogerie_bijouterie,7
77,Cesson,772,horlogerie_bijouterie,5
77,Fleury-en-Bière,772,horlogerie_bijouterie,1
77,Thomery,774,horlogerie_bijouterie,1
93,Aubervilliers,933,horlogerie_bijouterie,14
93,Saint-Ouen,933,horlogerie_bijouterie,5
75,Paris 16e Arrondissement,751,horlogerie_bijouterie,69
91,Longjumeau,913,horlogerie_bijouterie,2
91,Saint-Jean-de-Beauregard,913,horlogerie_bijouterie,2
78,Les Mureaux,781,horlogerie_bijouterie,2
91,Limours,913,horlogerie_bijouterie,1
91,Orsay,913,horlogerie_bijouterie,3
78,Viroflay,784,horlogerie_bijouterie,4
75,Paris 17e Arrondissement,751,horlogerie_bijouterie,46
92,Bourg-la-Reine,921,horlogerie_bijouterie,1
93,Le Raincy,932,horlogerie_bijouterie,3
77,Mauregard,771,horlogerie_bijouterie,1
92,Châtillon,921,horlogerie_bijouterie,2
94,Arcueil,943,horlogerie_bijouterie,9
78,Conflans-Sainte-Honorine,783,horlogerie_bijouterie,2
95,Cergy,953,horlogerie_bijouterie,10
77,Claye-Souilly,775,horlogerie_bijouterie,7
78,Les Clayes-sous-Bois,784,horlogerie_bijouterie,1
93,Noisy-le-Sec,931,horlogerie_bijouterie,2
77,Couilly-Pont-aux-Dames,771,horlogerie_bijouterie,1
92,Sceaux,921,horlogerie_bijouterie,5
77,Saint-Fargeau-Ponthierry,772,horlogerie_bijouterie,1
93,Bagnolet,931,horlogerie_bijouterie,8
92,Rueil-Malmaison,922,horlogerie_bijouterie,6
94,Saint-Maur-des-Fossés,941,horlogerie_bijouterie,9
78,Saint-Germain-en-Laye,783,horlogerie_bijouterie,11
75,Paris 20e Arrondissement,751,horlogerie_bijouterie,30
78,Maurepas,782,horlogerie_bijouterie,4
78,Montfort-l'Amaury,782,horlogerie_bijouterie,1
95,L'Isle-Adam,953,horlogerie_bijouterie,5
95,Magny-en-Vexin,953,horlogerie_bijouterie,1
75,Paris 5e Arrondissement,751,horlogerie_bijouterie,20
78,Maisons-Laffitte,783,horlogerie_bijouterie,1
93,Gagny,932,horlogerie_bijouterie,2
77,Mormant,772,horlogerie_bijouterie,1
78,Bailly,783,horlogerie_bijouterie,1
95,Montmagny,952,horlogerie_bijouterie,1
77,Lésigny,772,horlogerie_bijouterie,1
95,Taverny,953,horlogerie_bijouterie,5
78,Orgeval,783,horlogerie_bijouterie,1
78,Montigny-le-Bretonneux,784,horlogerie_bijouterie,9
78,Saint-Nom-la-Bretèche,783,horlogerie_bijouterie,1
77,Ozoir-la-Ferrière,775,horlogerie_bijouterie,2
91,Corbeil-Essonnes,912,horlogerie_bijouterie,7
75,Paris 18e Arrondissement,751,horlogerie_bijouterie,67
95,Garges-lès-Gonesse,952,horlogerie_bijouterie,1
77,Meaux,771,horlogerie_bijouterie,7
92,Clichy,922,horlogerie_bijouterie,6
94,Le Perreux-sur-Marne,942,horlogerie_bijouterie,1
78,Houilles,783,horlogerie_bijouterie,2
92,Issy-les-Moulineaux,923,horlogerie_bijouterie,8
77,La Ferté-Gaucher,773,horlogerie_bijouterie,2
92,Malakoff,921,horlogerie_bijouterie,2
94,Sucy-en-Brie,941,horlogerie_bijouterie,2
75,Paris 6e Arrondissement,751,horlogerie_bijouterie,67
77,Coulommiers,771,horlogerie_bijouterie,2
77,Le Châtelet-en-Brie,772,horlogerie_bijouterie,1
95,Enghien-les-Bains,952,horlogerie_bijouterie,3
94,Saint-Maurice,941,horlogerie_bijouterie,1
95,Bouffémont,952,horlogerie_bijouterie,1
77,Noisiel,775,horlogerie_bijouterie,2
93,Villetaneuse,933,horlogerie_bijouterie,3
91,Dourdan,911,horlogerie_bijouterie,1
78,Mantes-la-Jolie,781,horlogerie_bijouterie,4
95,Moisselles,952,horlogerie_bijouterie,3
93,Bondy,931,horlogerie_bijouterie,2
91,Athis-Mons,913,horlogerie_bijouterie,2
78,Croissy-sur-Seine,783,horlogerie_bijouterie,1
95,Franconville,953,horlogerie_bijouterie,3
78,Brueil-en-Vexin,781,horlogerie_bijouterie,1
91,Évry,912,horlogerie_bijouterie,10
94,Villeneuve-le-Roi,941,horlogerie_bijouterie,2
75,Paris 8e Arrondissement,751,horlogerie_bijouterie,141
77,Lieusaint,772,horlogerie_bijouterie,12
93,Les Lilas,931,horlogerie_bijouterie,1
75,Paris 14e Arrondissement,751,horlogerie_bijouterie,31
75,Paris 11e Arrondissement,751,horlogerie_bijouterie,25
95,Méry-sur-Oise,953,horlogerie_bijouterie,1
91,Villebon-sur-Yvette,913,horlogerie_bijouterie,4
94,Champigny-sur-Marne,942,horlogerie_bijouterie,5
94,Fontenay-sous-Bois,942,horlogerie_bijouterie,5
75,Paris 15e Arrondissement,751,horlogerie_bijouterie,52
77,Serris,775,horlogerie_bijouterie,11
78,Houdan,781,horlogerie_bijouterie,1
95,Soisy-sous-Montmorency,952,horlogerie_bijouterie,1
78,Bois-d'Arcy,784,horlogerie_bijouterie,2
78,Élancourt,782,horlogerie_bijouterie,2
77,Varennes-sur-Seine,773,horlogerie_bijouterie,1
91,Étampes,911,horlogerie_bijouterie,5
92,La Garenne-Colombes,922,horlogerie_bijouterie,5
93,Rosny-sous-Bois,931,horlogerie_bijouterie,12
77,Villiers-en-Bière,772,horlogerie_bijouterie,6
93,Neuilly-Plaisance,932,horlogerie_bijouterie,3
93,Le Pré-Saint-Gervais,931,horlogerie_bijouterie,4
94,Créteil,941,horlogerie_bijouterie,12
92,Levallois-Perret,922,horlogerie_bijouterie,8
78,Gambais,781,horlogerie_bijouterie,1
95,Arnouville,952,horlogerie_bijouterie,2
77,Montereau-Fault-Yonne,773,horlogerie_bijouterie,3
78,Chambourcy,783,horlogerie_bijouterie,2
91,Palaiseau,913,horlogerie_bijouterie,1
95,Sarcelles,952,horlogerie_bijouterie,7
93,Aulnay-sous-Bois,932,horlogerie_bijouterie,21
91,La Ville-du-Bois,913,horlogerie_bijouterie,7
91,Verrières-le-Buisson,913,horlogerie_bijouterie,1
91,Draveil,912,horlogerie_bijouterie,2
92,Villeneuve-la-Garenne,922,horlogerie_bijouterie,2
93,Coubron,932,horlogerie_bijouterie,1
75,Paris 9e Arrondissement,751,horlogerie_bijouterie,92
77,Pontault-Combault,775,horlogerie_bijouterie,7
78,Flins-sur-Seine,781,horlogerie_bijouterie,5
78,Montesson,783,horlogerie_bijouterie,6
94,Ivry-sur-Seine,941,horlogerie_bijouterie,4
77,Moret-sur-Loing,774,horlogerie_bijouterie,1
91,Saint-Michel-sur-Orge,913,horlogerie_bijouterie,3
91,Boussy-Saint-Antoine,912,horlogerie_bijouterie,2
92,Châtenay-Malabry,921,horlogerie_bijouterie,2
93,Bobigny,931,horlogerie_bijouterie,1
95,Bezons,951,horlogerie_bijouterie,1
95,Goussainville,952,horlogerie_bijouterie,2
78,Sartrouville,783,horlogerie_bijouterie,5
95,Ermont,953,horlogerie_bijouterie,2
95,Saint-Brice-sous-Forêt,952,horlogerie_bijouterie,4
93,Noisy-le-Grand,932,horlogerie_bijouterie,8
78,Verneuil-sur-Seine,783,horlogerie_bijouterie,1
95,Sannois,951,horlogerie_bijouterie,3
92,Meudon,923,horlogerie_bijouterie,3
91,Vigneux-sur-Seine,912,horlogerie_bijouterie,2
94,Saint-Mandé,942,horlogerie_bijouterie,4
94,Vitry-sur-Seine,941,horlogerie_bijouterie,6
92,Colombes,922,horlogerie_bijouterie,4
94,Rungis,943,horlogerie_bijouterie,1
78,Trappes,784,horlogerie_bijouterie,1
93,Montfermeil,932,horlogerie_bijouterie,1
77,Crécy-la-Chapelle,771,horlogerie_bijouterie,2
91,Villabé,912,horlogerie_bijouterie,5
78,Vernouillet,783,horlogerie_bijouterie,1
91,Brunoy,912,horlogerie_bijouterie,2
92,Nanterre,922,horlogerie_bijouterie,3
78,Versailles,784,horlogerie_bijouterie,13
92,Garches,922,horlogerie_bijouterie,1
95,Éragny,953,horlogerie_bijouterie,3
95,Neuville-sur-Oise,953,horlogerie_bijouterie,1
77,La Ferté-sous-Jouarre,771,horlogerie_bijouterie,1
77,Melun,772,horlogerie_bijouterie,3
95,Gonesse,952,horlogerie_bijouterie,3
92,Chaville,923,horlogerie_bijouterie,2
93,Montreuil,931,horlogerie_bijouterie,6
77,Chevry-Cossigny,772,horlogerie_bijouterie,1
77,Provins,773,horlogerie_bijouterie,4
94,Choisy-le-Roi,941,horlogerie_bijouterie,1
95,Osny,953,horlogerie_bijouterie,3
78,Guyancourt,784,horlogerie_bijouterie,1
92,Fontenay-aux-Roses,921,horlogerie_bijouterie,2
91,Janville-sur-Juine,911,horlogerie_bijouterie,1
93,Stains,933,horlogerie_bijouterie,2
92,Vaucresson,923,horlogerie_bijouterie,1
95,Cormeilles-en-Parisis,951,horlogerie_bijouterie,1
91,Brétigny-sur-Orge,913,horlogerie_bijouterie,4
94,Nogent-sur-Marne,942,horlogerie_bijouterie,3
91,Gif-sur-Yvette,913,horlogerie_bijouterie,1
92,Puteaux,922,horlogerie_bijouterie,17
75,Paris 2e Arrondissement,751,horlogerie_bijouterie,54
77,Champagne-sur-Seine,774,horlogerie_bijouterie,1
78,Le Vésinet,783,horlogerie_bijouterie,4
91,Ris-Orangis,912,horlogerie_bijouterie,1
94,Joinville-le-Pont,942,horlogerie_bijouterie,1
93,La Courneuve,933,horlogerie_bijouterie,3
77,Nangis,773,horlogerie_bijouterie,1
92,Sèvres,923,horlogerie_bijouterie,1
93,Saint-Denis,933,horlogerie_bijouterie,10
93,Tremblay-en-France,932,horlogerie_bijouterie,2
77,Brie-Comte-Robert,772,horlogerie_bijouterie,2
91,Les Ulis,913,horlogerie_bijouterie,5
91,Montlhéry,913,horlogerie_bijouterie,1
75,Paris 7e Arrondissement,751,horlogerie_bijouterie,44
92,Vanves,921,horlogerie_bijouterie,1
91,Chilly-Mazarin,913,horlogerie_bijouterie,2
91,Yerres,912,horlogerie_bijouterie,3
77,Nemours,774,horlogerie_bijouterie,3
92,Courbevoie,922,horlogerie_bijouterie,9
91,Sainte-Geneviève-des-Bois,913,horlogerie_bijouterie,2
75,Paris 12e Arrondissement,751,horlogerie_bijouterie,28
77,Bray-sur-Seine,773,horlogerie_bijouterie,1
95,Argenteuil,951,horlogerie_bijouterie,11
75,Paris 19e Arrondissement,751,horlogerie_bijouterie,19
94,Orly,941,horlogerie_bijouterie,4
94,Le Kremlin-Bicêtre,943,horlogerie_bijouterie,8
91,Viry-Châtillon,912,horlogerie_bijouterie,1
78,Clairefontaine-en-Yvelines,782,horlogerie_bijouterie,1
77,Achères-la-Forêt,774,horlogerie_bijouterie,1
78,Aubergenville,781,horlogerie_bijouterie,3
91,Massy,913,horlogerie_bijouterie,5
78,Le Chesnay,784,horlogerie_bijouterie,13
78,Buchelay,781,horlogerie_bijouterie,2
91,Courcouronnes,912,horlogerie_bijouterie,1
78,Limetz-Villez,781,horlogerie_bijouterie,1
92,Ville-d'Avray,923,horlogerie_bijouterie,1
93,Gournay-sur-Marne,932,horlogerie_bijouterie,1
94,Chennevières-sur-Marne,942,horlogerie_bijouterie,1
92,Suresnes,922,horlogerie_bijouterie,10
94,Ormesson-sur-Marne,942,horlogerie_bijouterie,3
77,Ferrières-en-Brie,775,horlogerie_bijouterie,1
91,Grigny,912,horlogerie_bijouterie,2
92,Antony,921,horlogerie_bijouterie,4
77,Roissy-en-Brie,775,horlogerie_bijouterie,1
78,Plaisir,784,horlogerie_bijouterie,7
94,Le Plessis-Trévise,942,horlogerie_bijouterie,1
77,Chelles,775,horlogerie_bijouterie,7
91,Milly-la-Forêt,912,horlogerie_bijouterie,1
78,Le Pecq,783,horlogerie_bijouterie,1
95,Saint-Gratien,952,horlogerie_bijouterie,1
93,Pantin,931,horlogerie_bijouterie,4
92,Gennevilliers,922,horlogerie_bijouterie,1
92,Saint-Cloud,923,horlogerie_bijouterie,2
92,Asnières-sur-Seine,922,horlogerie_bijouterie,11
92,Bagneux,921,horlogerie_bijouterie,1
94,Thiais,943,horlogerie_bijouterie,16
91,Mennecy,912,horlogerie_bijouterie,1
94,Maisons-Alfort,941,horlogerie_bijouterie,3
91,Arpajon,913,horlogerie_bijouterie,3
77,Dammarie-les-Lys,772,horlogerie_bijouterie,2
94,Alfortville,941,horlogerie_bijouterie,6
77,Saâcy-sur-Marne,771,horlogerie_bijouterie,2
75,Paris 4e Arrondissement,751,horlogerie_bijouterie,34
75,Paris 13e Arrondissement,751,horlogerie_bijouterie,31
78,Marly-le-Roi,783,horlogerie_bijouterie,1
75,Paris 10e Arrondissement,751,horlogerie_bijouterie,34
91,Soisy-sur-Seine,912,horlogerie_bijouterie,2
93,Livry-Gargan,932,horlogerie_bijouterie,2
77,Champs-sur-Marne,775,horlogerie_bijouterie,1
94,Bry-sur-Marne,942,horlogerie_bijouterie,3
91,Épinay-sur-Orge,913,horlogerie_bijouterie,1
91,Fontenay-lès-Briis,913,fleuriste,1
94,Santeny,941,fleuriste,3
94,Cachan,943,fleuriste,3
77,Lagny-sur-Marne,775,fleuriste,4
91,Savigny-sur-Orge,913,fleuriste,8
93,Villemomble,931,fleuriste,8
77,Annet-sur-Marne,775,fleuriste,2
78,Saint-Cyr-l'École,784,fleuriste,2
77,Jossigny,775,fleuriste,1
91,La Ferté-Alais,911,fleuriste,3
91,Marolles-en-Hurepoix,913,fleuriste,2
92,Bois-Colombes,922,fleuriste,8
77,Pierre-Levée,771,fleuriste,1
94,Mandres-les-Roses,941,fleuriste,1
78,Coignières,782,fleuriste,4
77,Collégien,775,fleuriste,3
93,Neuilly-sur-Marne,932,fleuriste,4
77,Sept-Sorts,771,fleuriste,1
77,Torcy,775,fleuriste,2
92,Boulogne-Billancourt,923,fleuriste,40
78,Saint-Rémy-lès-Chevreuse,782,fleuriste,3
77,Vaires-sur-Marne,775,fleuriste,5
78,Médan,783,fleuriste,1
78,Poissy,783,fleuriste,9
91,Bures-sur-Yvette,913,fleuriste,2
78,Septeuil,781,fleuriste,3
91,Juvisy-sur-Orge,913,fleuriste,3
93,Le Blanc-Mesnil,932,fleuriste,4
95,Montigny-lès-Cormeilles,951,fleuriste,5
77,Mareuil-lès-Meaux,771,fleuriste,2
95,Pontoise,953,fleuriste,4
77,Lorrez-le-Bocage-Préaux,774,fleuriste,1
77,Moissy-Cramayel,772,fleuriste,2
78,Vaux-sur-Seine,781,fleuriste,2
77,Bailly-Romainvilliers,775,fleuriste,2
77,Montévrain,775,fleuriste,3
93,Les Pavillons-sous-Bois,931,fleuriste,2
91,Breuillet,911,fleuriste,2
77,Fontainebleau,774,fleuriste,9
75,Paris 3e Arrondissement,751,fleuriste,20
94,Boissy-Saint-Léger,941,fleuriste,2
77,Rozay-en-Brie,773,fleuriste,2
77,Thorigny-sur-Marne,775,fleuriste,1
78,Saint-Arnoult-en-Yvelines,782,fleuriste,3
91,Égly,913,fleuriste,2
95,Herblay,951,fleuriste,9
95,Beaumont-sur-Oise,953,fleuriste,2
95,Villaines-sous-Bois,952,fleuriste,1
75,Paris 1er Arrondissement,751,fleuriste,33
78,Villiers-Saint-Frédéric,782,fleuriste,1
78,Vélizy-Villacoublay,784,fleuriste,5
93,Sevran,932,fleuriste,5
77,Marchémoret,771,fleuriste,1
91,Briis-sous-Forges,913,fleuriste,1
91,Saint-Germain-lès-Corbeil,912,fleuriste,1
95,Fosses,952,fleuriste,2
78,Épône,781,fleuriste,2
77,Saint-Siméon,773,fleuriste,1
95,Marines,953,fleuriste,1
77,Fontenay-Trésigny,773,fleuriste,2
77,Saint-Soupplets,771,fleuriste,3
91,Quincy-sous-Sénart,912,fleuriste,2
94,Charenton-le-Pont,941,fleuriste,7
91,Ballancourt-sur-Essonne,912,fleuriste,2
77,Saint-Thibault-des-Vignes,775,fleuriste,4
78,Beynes,782,fleuriste,2
77,Esbly,771,fleuriste,4
92,Montrouge,921,fleuriste,14
91,Méréville,911,fleuriste,1
94,Villejuif,943,fleuriste,5
94,L'Haÿ-les-Roses,943,fleuriste,5
77,Féricy,772,fleuriste,1
93,Drancy,931,fleuriste,8
91,Étréchy,911,fleuriste,2
77,Coutevroult,771,fleuriste,1
94,Villiers-sur-Marne,942,fleuriste,5
91,Sermaise,911,fleuriste,2
78,Rambouillet,782,fleuriste,9
77,Égreville,774,fleuriste,2
95,Seraincourt,953,fleuriste,1
91,Nozay,913,fleuriste,2
78,Orgerus,781,fleuriste,2
92,Neuilly-sur-Seine,922,fleuriste,19
92,Clamart,921,fleuriste,12
77,Bussy-Saint-Georges,775,fleuriste,6
94,Périgny,941,fleuriste,1
77,Arbonne-la-Forêt,772,fleuriste,1
77,Gretz-Armainvilliers,772,fleuriste,5
77,Lizy-sur-Ourcq,771,fleuriste,1
91,Marcoussis,913,fleuriste,2
94,Vincennes,942,fleuriste,14
77,Cesson,772,fleuriste,2
77,Chaumes-en-Brie,772,fleuriste,2
78,La Queue-les-Yvelines,782,fleuriste,2
91,Morigny-Champigny,911,fleuriste,2
95,Ézanville,952,fleuriste,2
78,Senlisse,782,fleuriste,1
93,Aubervilliers,933,fleuriste,5
93,Saint-Ouen,933,fleuriste,7
75,Paris 16e Arrondissement,751,fleuriste,70
91,Longjumeau,913,fleuriste,6
77,Souppes-sur-Loing,774,fleuriste,2
91,Le Val-Saint-Germain,911,fleuriste,1
78,Les Mureaux,781,fleuriste,4
91,Gometz-le-Châtel,913,fleuriste,2
91,Limours,913,fleuriste,2
91,Orsay,913,fleuriste,4
78,Viroflay,784,fleuriste,5
75,Paris 17e Arrondissement,751,fleuriste,77
92,Bourg-la-Reine,921,fleuriste,3
93,Le Raincy,932,fleuriste,4
92,Châtillon,921,fleuriste,6
94,Arcueil,943,fleuriste,2
77,Vaudoy-en-Brie,773,fleuriste,1
78,Conflans-Sainte-Honorine,783,fleuriste,10
95,Cergy,953,fleuriste,4
77,Claye-Souilly,775,fleuriste,5
78,Achères,783,fleuriste,4
78,Les Clayes-sous-Bois,784,fleuriste,1
93,Noisy-le-Sec,931,fleuriste,3
92,Sceaux,921,fleuriste,5
77,Ville-Saint-Jacques,774,fleuriste,1
77,Saint-Fargeau-Ponthierry,772,fleuriste,3
93,Bagnolet,931,fleuriste,3
78,Noisy-le-Roi,783,fleuriste,3
78,Magnanville,781,fleuriste,1
92,Rueil-Malmaison,922,fleuriste,13
77,Combs-la-Ville,772,fleuriste,4
94,Saint-Maur-des-Fossés,941,fleuriste,23
94,Ablon-sur-Seine,941,fleuriste,1
78,Saint-Germain-en-Laye,783,fleuriste,8
77,Saint-Germain-sur-Morin,771,fleuriste,1
93,Villepinte,932,fleuriste,4
95,Jouy-le-Moutier,953,fleuriste,3
75,Paris 20e Arrondissement,751,fleuriste,45
78,Maurepas,782,fleuriste,7
93,Dugny,931,fleuriste,1
91,Leuville-sur-Orge,913,fleuriste,1
78,Montfort-l'Amaury,782,fleuriste,3
95,L'Isle-Adam,953,fleuriste,8
95,Magny-en-Vexin,953,fleuriste,3
91,Lardy,911,fleuriste,1
75,Paris 5e Arrondissement,751,fleuriste,30
77,Quincy-Voisins,771,fleuriste,1
78,Maisons-Laffitte,783,fleuriste,7
93,Gagny,932,fleuriste,6
77,Mormant,772,fleuriste,3
91,Lisses,912,fleuriste,1
91,La Norville,913,fleuriste,1
78,Bailly,783,fleuriste,2
95,Vauréal,953,fleuriste,3
94,Valenton,941,fleuriste,1
95,Montmagny,952,fleuriste,2
77,Lésigny,772,fleuriste,3
91,Saulx-les-Chartreux,913,fleuriste,3
95,Cormeilles-en-Vexin,953,fleuriste,2
95,Taverny,953,fleuriste,5
78,Orgeval,783,fleuriste,8
78,Montigny-le-Bretonneux,784,fleuriste,10
78,Saint-Nom-la-Bretèche,783,fleuriste,3
91,Forges-les-Bains,913,fleuriste,1
77,Ozoir-la-Ferrière,775,fleuriste,6
78,La Boissière-École,782,fleuriste,1
91,Corbeil-Essonnes,912,fleuriste,10
75,Paris 18e Arrondissement,751,fleuriste,46
77,Villiers-Saint-Georges,773,fleuriste,1
95,Groslay,952,fleuriste,5
95,Garges-lès-Gonesse,952,fleuriste,2
91,Longpont-sur-Orge,913,fleuriste,2
91,Crosne,912,fleuriste,3
77,Meaux,771,fleuriste,13
92,Clichy,922,fleuriste,9
94,Villeneuve-Saint-Georges,941,fleuriste,1
94,Le Perreux-sur-Marne,942,fleuriste,10
91,Wissous,913,fleuriste,1
78,Houilles,783,fleuriste,4
92,Issy-les-Moulineaux,923,fleuriste,12
77,La Ferté-Gaucher,773,fleuriste,2
78,Carrières-sur-Seine,783,fleuriste,2
95,Luzarches,952,fleuriste,1
92,Malakoff,921,fleuriste,3
94,Sucy-en-Brie,941,fleuriste,6
75,Paris 6e Arrondissement,751,fleuriste,26
77,Coulommiers,771,fleuriste,9
77,Brou-sur-Chantereine,775,fleuriste,2
77,Le Châtelet-en-Brie,772,fleuriste,2
77,Le Pin,775,fleuriste,1
95,Bessancourt,953,fleuriste,1
95,Enghien-les-Bains,952,fleuriste,7
94,Saint-Maurice,941,fleuriste,2
95,Bouffémont,952,fleuriste,1
77,Noisiel,775,fleuriste,1
77,Servon,772,fleuriste,1
93,Villetaneuse,933,fleuriste,1
95,Montmorency,952,fleuriste,6
95,Le Thillay,952,fleuriste,1
91,Dourdan,911,fleuriste,4
95,Roissy-en-France,952,fleuriste,2
78,Mantes-la-Jolie,781,fleuriste,7
95,Moisselles,952,fleuriste,3
93,Bondy,931,fleuriste,4
91,Athis-Mons,913,fleuriste,5
78,Croissy-sur-Seine,783,fleuriste,2
95,Franconville,953,fleuriste,6
91,Évry,912,fleuriste,6
77,Mitry-Mory,771,fleuriste,5
91,Bruyères-le-Châtel,913,fleuriste,1
77,Thieux,771,fleuriste,1
78,Hardricourt,781,fleuriste,1
94,Villeneuve-le-Roi,941,fleuriste,5
77,Seine-Port,772,fleuriste,2
75,Paris 8e Arrondissement,751,fleuriste,39
77,Lieusaint,772,fleuriste,3
95,Parmain,953,fleuriste,1
91,Morsang-sur-Orge,912,fleuriste,4
91,Angerville,911,fleuriste,3
93,Les Lilas,931,fleuriste,2
75,Paris 14e Arrondissement,751,fleuriste,49
75,Paris 11e Arrondissement,751,fleuriste,54
78,Neauphle-le-Château,782,fleuriste,1
77,Chailly-en-Bière,772,fleuriste,1
77,La Chapelle-Saint-Sulpice,773,fleuriste,1
95,Méry-sur-Oise,953,fleuriste,1
91,Villeconin,911,fleuriste,2
91,Le Coudray-Montceaux,912,fleuriste,1
77,Villeneuve-le-Comte,773,fleuriste,1
91,Villebon-sur-Yvette,913,fleuriste,2
91,Vert-le-Petit,912,fleuriste,1
94,Champigny-sur-Marne,942,fleuriste,8
94,Fontenay-sous-Bois,942,fleuriste,9
95,Presles,953,fleuriste,1
75,Paris 15e Arrondissement,751,fleuriste,123
77,Serris,775,fleuriste,1
78,Houdan,781,fleuriste,5
78,Gargenville,781,fleuriste,2
95,Soisy-sous-Montmorency,952,fleuriste,5
78,Maule,781,fleuriste,1
78,Bois-d'Arcy,784,fleuriste,2
78,Élancourt,782,fleuriste,3
77,Varennes-sur-Seine,773,fleuriste,3
78,Meulan-en-Yvelines,781,fleuriste,4
91,Étampes,911,fleuriste,8
78,Magny-les-Hameaux,782,fleuriste,4
91,Saint-Vrain,913,fleuriste,1
77,Le Mée-sur-Seine,772,fleuriste,3
92,La Garenne-Colombes,922,fleuriste,9
93,Rosny-sous-Bois,931,fleuriste,6
95,Menucourt,953,fleuriste,1
93,Neuilly-Plaisance,932,fleuriste,5
93,Le Pré-Saint-Gervais,931,fleuriste,1
78,Issou,781,fleuriste,1
93,Vaujours,932,fleuriste,3
94,Créteil,941,fleuriste,6
77,Saint-Mard,771,fleuriste,2
77,Changis-sur-Marne,771,fleuriste,1
92,Levallois-Perret,922,fleuriste,18
78,Gambais,781,fleuriste,1
77,Nanteuil-lès-Meaux,771,fleuriste,2
93,Clichy-sous-Bois,932,fleuriste,3
95,Viarmes,952,fleuriste,1
95,Puiseux-Pontoise,953,fleuriste,2
95,Arnouville,952,fleuriste,3
77,Croissy-Beaubourg,775,fleuriste,2
78,La Celle-Saint-Cloud,783,fleuriste,6
77,Aubepierre-Ozouer-le-Repos,772,fleuriste,1
77,Montereau-Fault-Yonne,773,fleuriste,6
78,Chambourcy,783,fleuriste,2
91,Palaiseau,913,fleuriste,5
78,Villepreux,783,fleuriste,2
95,Sarcelles,952,fleuriste,2
77,Vaux-le-Pénil,772,fleuriste,3
77,Chessy,775,fleuriste,1
77,Montigny-sur-Loing,774,fleuriste,1
77,Nanteau-sur-Essonne,774,fleuriste,2
95,Villiers-le-Bel,952,fleuriste,2
93,Aulnay-sous-Bois,932,fleuriste,8
91,La Ville-du-Bois,913,fleuriste,2
95,Pierrelaye,953,fleuriste,4
77,Boissise-le-Roi,772,fleuriste,1
91,Verrières-le-Buisson,913,fleuriste,4
91,Draveil,912,fleuriste,8
77,Rebais,773,fleuriste,3
78,Bougival,783,fleuriste,2
92,Villeneuve-la-Garenne,922,fleuriste,2
77,Othis,771,fleuriste,3
93,Coubron,932,fleuriste,2
94,Fresnes,943,fleuriste,5
95,Villeron,952,fleuriste,1
75,Paris 9e Arrondissement,751,fleuriste,37
77,Pontault-Combault,775,fleuriste,7
78,Flins-sur-Seine,781,fleuriste,2
78,Montesson,783,fleuriste,5
94,Ivry-sur-Seine,941,fleuriste,7
77,Verneuil-l'Étang,772,fleuriste,1
78,Feucherolles,783,fleuriste,1
77,Moret-sur-Loing,774,fleuriste,3
78,Les Essarts-le-Roi,782,fleuriste,3
91,Saint-Michel-sur-Orge,913,fleuriste,4
95,Domont,952,fleuriste,4
91,Boussy-Saint-Antoine,912,fleuriste,1
92,Châtenay-Malabry,921,fleuriste,5
93,Bobigny,931,fleuriste,2
77,Villenoy,771,fleuriste,1
95,Bezons,951,fleuriste,4
95,Goussainville,952,fleuriste,3
77,Écuelles,774,fleuriste,3
77,Varreddes,771,fleuriste,1
91,Ballainvilliers,913,fleuriste,1
77,Veneux-les-Sablons,774,fleuriste,1
78,Sartrouville,783,fleuriste,10
77,Boitron,773,fleuriste,1
95,Haravilliers,953,fleuriste,1
78,La Falaise,781,fleuriste,1
95,Ermont,953,fleuriste,3
95,Saint-Brice-sous-Forêt,952,fleuriste,5
78,Cernay-la-Ville,782,fleuriste,1
93,Noisy-le-Grand,932,fleuriste,10
78,Verneuil-sur-Seine,783,fleuriste,6
95,Sannois,951,fleuriste,4
77,Héricy,774,fleuriste,1
92,Meudon,923,fleuriste,6
91,Vigneux-sur-Seine,912,fleuriste,9
95,Saint-Leu-la-Forêt,953,fleuriste,2
94,Saint-Mandé,942,fleuriste,8
95,Mériel,953,fleuriste,1
78,Fontenay-le-Fleury,784,fleuriste,1
94,Vitry-sur-Seine,941,fleuriste,7
92,Colombes,922,fleuriste,8
78,Chanteloup-les-Vignes,783,fleuriste,1
94,Rungis,943,fleuriste,2
91,Baulne,911,fleuriste,1
77,Voulangis,771,fleuriste,1
78,Trappes,784,fleuriste,3
91,Cheptainville,913,fleuriste,1
93,Montfermeil,932,fleuriste,3
77,Crécy-la-Chapelle,771,fleuriste,2
77,Moussy-le-Neuf,771,fleuriste,1
91,Saint-Aubin,913,fleuriste,1
95,Belloy-en-France,952,fleuriste,1
78,Andrésy,783,fleuriste,2
78,Chatou,783,fleuriste,6
77,Rubelles,772,fleuriste,1
78,Triel-sur-Seine,783,fleuriste,3
91,Saint-Pierre-du-Perray,912,fleuriste,2
91,Villabé,912,fleuriste,1
78,Vernouillet,783,fleuriste,2
95,Saint-Prix,953,fleuriste,1
77,Nonville,774,fleuriste,1
78,Buc,784,fleuriste,1
91,Brunoy,912,fleuriste,6
92,Nanterre,922,fleuriste,9
77,Pomponne,775,fleuriste,3
77,Tournan-en-Brie,772,fleuriste,2
91,Linas,913,fleuriste,1
77,Mons-en-Montois,773,fleuriste,1
77,Oissery,771,fleuriste,2
95,Boissy-l'Aillerie,953,fleuriste,1
78,Versailles,784,fleuriste,19
91,Morangis,913,fleuriste,4
77,Faremoutiers,771,fleuriste,4
92,Garches,922,fleuriste,5
95,Éragny,953,fleuriste,3
77,Vignely,771,fleuriste,1
77,Château-Landon,774,fleuriste,1
78,Ablis,782,fleuriste,1
78,Maurecourt,783,fleuriste,3
78,Sainte-Mesme,782,fleuriste,1
77,La Ferté-sous-Jouarre,771,fleuriste,4
77,Cannes-Écluse,773,fleuriste,1
78,Jouy-en-Josas,784,fleuriste,5
77,Melun,772,fleuriste,12
91,Saint-Chéron,911,fleuriste,3
94,Noiseau,942,fleuriste,3
91,Ormoy,912,fleuriste,1
95,Gonesse,952,fleuriste,1
92,Chaville,923,fleuriste,6
93,Montreuil,931,fleuriste,19
91,La Forêt-Sainte-Croix,911,fleuriste,1
95,Beauchamp,953,fleuriste,2
78,Mézières-sur-Seine,781,fleuriste,1
95,Nesles-la-Vallée,953,fleuriste,1
91,Saint-Maurice-Montcouronne,911,fleuriste,1
91,Saintry-sur-Seine,912,fleuriste,1
77,Provins,773,fleuriste,4
94,Choisy-le-Roi,941,fleuriste,8
95,Vémars,952,fleuriste,2
78,Voisins-le-Bretonneux,782,fleuriste,3
94,Villecresnes,941,fleuriste,2
77,Avon,774,fleuriste,2
95,Osny,953,fleuriste,6
77,Chauconin-Neufmontiers,771,fleuriste,1
78,Ecquevilly,781,fleuriste,1
78,Guyancourt,784,fleuriste,3
92,Fontenay-aux-Roses,921,fleuriste,1
94,La Queue-en-Brie,942,fleuriste,2
91,Janville-sur-Juine,911,fleuriste,2
77,Trilport,771,fleuriste,1
93,Stains,933,fleuriste,2
77,Donnemarie-Dontilly,773,fleuriste,1
77,Bernay-Vilbert,773,fleuriste,2
92,Vaucresson,923,fleuriste,1
95,Cormeilles-en-Parisis,951,fleuriste,6
77,Sourdun,773,fleuriste,1
78,Rosny-sur-Seine,781,fleuriste,3
91,Brétigny-sur-Orge,913,fleuriste,7
94,Nogent-sur-Marne,942,fleuriste,9
78,Freneuse,781,fleuriste,1
78,Jouars-Pontchartrain,782,fleuriste,1
91,Boutigny-sur-Essonne,911,fleuriste,2
91,Gif-sur-Yvette,913,fleuriste,3
91,Champcueil,912,fleuriste,1
94,Bonneuil-sur-Marne,941,fleuriste,5
77,Mousseaux-lès-Bray,773,fleuriste,1
92,Puteaux,922,fleuriste,7
75,Paris 2e Arrondissement,751,fleuriste,14
91,Igny,913,fleuriste,4
77,Champagne-sur-Seine,774,fleuriste,1
78,Arnouville-lès-Mantes,781,fleuriste,1
77,Grez-sur-Loing,774,fleuriste,1
77,Savigny-le-Temple,772,fleuriste,5
78,Le Vésinet,783,fleuriste,8
78,Gazeran,782,fleuriste,2
77,La Celle-sur-Morin,771,fleuriste,1
78,Mantes-la-Ville,781,fleuriste,3
91,Étiolles,912,fleuriste,2
91,Ris-Orangis,912,fleuriste,4
94,Joinville-le-Pont,942,fleuriste,5
93,La Courneuve,933,fleuriste,3
77,Nangis,773,fleuriste,3
77,Boissy-le-Châtel,771,fleuriste,1
92,Sèvres,923,fleuriste,3
93,Saint-Denis,933,fleuriste,10
91,Champlan,913,fleuriste,2
93,Tremblay-en-France,932,fleuriste,3
95,Auvers-sur-Oise,953,fleuriste,3
95,Baillet-en-France,952,fleuriste,1
77,La Chapelle-la-Reine,774,fleuriste,1
94,Chevilly-Larue,943,fleuriste,7
95,Eaubonne,953,fleuriste,4
77,Brie-Comte-Robert,772,fleuriste,7
91,Les Ulis,913,fleuriste,3
93,Pierrefitte-sur-Seine,933,fleuriste,2
91,Gometz-la-Ville,913,fleuriste,1
93,Épinay-sur-Seine,933,fleuriste,4
91,Montlhéry,913,fleuriste,2
77,Vulaines-sur-Seine,774,fleuriste,1
91,Bièvres,913,fleuriste,1
77,Villeparisis,775,fleuriste,8
75,Paris 7e Arrondissement,751,fleuriste,39
92,Vanves,921,fleuriste,3
91,Chilly-Mazarin,913,fleuriste,5
77,Saint-Pierre-lès-Nemours,774,fleuriste,1
78,Thoiry,782,fleuriste,1
91,Yerres,912,fleuriste,7
77,Montry,771,fleuriste,2
94,Marolles-en-Brie,941,fleuriste,1
77,Magny-le-Hongre,775,fleuriste,1
77,Nemours,774,fleuriste,4
92,Courbevoie,922,fleuriste,18
91,Sainte-Geneviève-des-Bois,913,fleuriste,14
75,Paris 12e Arrondissement,751,fleuriste,45
95,Deuil-la-Barre,952,fleuriste,4
77,Vert-Saint-Denis,772,fleuriste,2
77,Fontaine-Fourches,773,fleuriste,1
91,Vert-le-Grand,912,fleuriste,1
78,Bennecourt,781,fleuriste,1
78,Villennes-sur-Seine,783,fleuriste,2
95,Argenteuil,951,fleuriste,16
78,Bonnières-sur-Seine,781,fleuriste,3
75,Paris 19e Arrondissement,751,fleuriste,30
78,Limay,781,fleuriste,2
94,Orly,941,fleuriste,3
94,Le Kremlin-Bicêtre,943,fleuriste,5
91,Courdimanche-sur-Essonne,912,fleuriste,1
95,Sagy,953,fleuriste,1
77,Sancy-lès-Provins,773,fleuriste,1
91,Viry-Châtillon,912,fleuriste,10
78,L'Étang-la-Ville,783,fleuriste,1
78,Aubergenville,781,fleuriste,4
95,Le Plessis-Bouchard,953,fleuriste,3
95,Vienne-en-Arthies,953,fleuriste,1
95,Louvres,952,fleuriste,2
78,Bréval,781,fleuriste,2
92,Le Plessis-Robinson,921,fleuriste,4
91,Massy,913,fleuriste,6
91,Ollainville,913,fleuriste,1
95,Vallangoujard,953,fleuriste,1
78,Le Chesnay,784,fleuriste,7
77,Voulx,774,fleuriste,2
77,Saint-Cyr-sur-Morin,773,fleuriste,1
91,Cerny,911,fleuriste,1
78,Buchelay,781,fleuriste,2
95,Persan,953,fleuriste,3
93,Romainville,931,fleuriste,1
91,Courcouronnes,912,fleuriste,4
78,Lévis-Saint-Nom,782,fleuriste,1
92,Ville-d'Avray,923,fleuriste,1
93,Gournay-sur-Marne,932,fleuriste,2
94,Chennevières-sur-Marne,942,fleuriste,3
92,Suresnes,922,fleuriste,15
94,Ormesson-sur-Marne,942,fleuriste,2
78,Les Bréviaires,782,fleuriste,1
91,Bondoufle,912,fleuriste,2
78,Sonchamp,782,fleuriste,1
77,Ferrières-en-Brie,775,fleuriste,1
91,Grigny,912,fleuriste,3
94,Limeil-Brévannes,941,fleuriste,3
91,Maisse,912,fleuriste,1
92,Antony,921,fleuriste,8
77,Dammartin-en-Goële,771,fleuriste,2
77,Montcourt-Fromonville,774,fleuriste,1
77,Jouarre,771,fleuriste,2
77,Sainte-Colombe,773,fleuriste,1
77,Misy-sur-Yonne,773,fleuriste,1
77,Roissy-en-Brie,775,fleuriste,4
78,Plaisir,784,fleuriste,7
77,Guignes,772,fleuriste,2
77,Courtacon,773,fleuriste,1
94,Le Plessis-Trévise,942,fleuriste,5
77,Chelles,775,fleuriste,16
91,Milly-la-Forêt,912,fleuriste,6
78,Le Mesnil-Saint-Denis,782,fleuriste,4
78,Le Pecq,783,fleuriste,2
95,Saint-Gratien,952,fleuriste,7
93,Pantin,931,fleuriste,8
94,Gentilly,943,fleuriste,1
92,Gennevilliers,922,fleuriste,4
92,Saint-Cloud,923,fleuriste,8
93,Le Bourget,931,fleuriste,3
92,Asnières-sur-Seine,922,fleuriste,18
92,Bagneux,921,fleuriste,6
95,Grisy-les-Plâtres,953,fleuriste,1
94,Thiais,943,fleuriste,3
78,Rolleboise,781,fleuriste,1
77,Beaumont-du-Gâtinais,774,fleuriste,1
77,Chartrettes,772,fleuriste,1
77,Mouroux,771,fleuriste,3
91,Mennecy,912,fleuriste,6
94,Maisons-Alfort,941,fleuriste,12
95,Saint-Ouen-l'Aumône,953,fleuriste,3
78,Carrières-sous-Poissy,783,fleuriste,6
78,Mareil-sur-Mauldre,781,fleuriste,1
91,Arpajon,913,fleuriste,9
77,Dammarie-les-Lys,772,fleuriste,5
94,Alfortville,941,fleuriste,10
77,Bois-le-Roi,774,fleuriste,2
77,Lognes,775,fleuriste,1
95,Chars,953,fleuriste,1
75,Paris 4e Arrondissement,751,fleuriste,37
75,Paris 13e Arrondissement,751,fleuriste,38
91,Paray-Vieille-Poste,913,fleuriste,4
95,Le Plessis-Luzarches,952,fleuriste,1
91,Montgeron,912,fleuriste,10
78,Chevreuse,782,fleuriste,3
78,Marly-le-Roi,783,fleuriste,3
75,Paris 10e Arrondissement,751,fleuriste,37
91,Soisy-sur-Seine,912,fleuriste,2
93,Livry-Gargan,932,fleuriste,11
91,Bouray-sur-Juine,911,fleuriste,2
78,Le Mesnil-le-Roi,783,fleuriste,3
78,Le Perray-en-Yvelines,782,fleuriste,3
77,Champs-sur-Marne,775,fleuriste,1
94,Bry-sur-Marne,942,fleuriste,4
91,Épinay-sur-Orge,913,fleuriste,3
94,Cachan,943,magasin_d_optique,5
77,Lagny-sur-Marne,775,magasin_d_optique,10
91,Savigny-sur-Orge,913,magasin_d_optique,4
93,Villemomble,931,magasin_d_optique,4
77,Le Mesnil-Amelot,771,magasin_d_optique,1
78,Saint-Cyr-l'École,784,magasin_d_optique,2
91,La Ferté-Alais,911,magasin_d_optique,4
92,Bois-Colombes,922,magasin_d_optique,4
94,Mandres-les-Roses,941,magasin_d_optique,1
78,Coignières,782,magasin_d_optique,1
77,Collégien,775,magasin_d_optique,5
93,Neuilly-sur-Marne,932,magasin_d_optique,3
78,Louveciennes,783,magasin_d_optique,1
77,Sept-Sorts,771,magasin_d_optique,1
77,Torcy,775,magasin_d_optique,1
92,Boulogne-Billancourt,923,magasin_d_optique,32
78,Saint-Rémy-lès-Chevreuse,782,magasin_d_optique,1
77,Vaires-sur-Marne,775,magasin_d_optique,1
78,Poissy,783,magasin_d_optique,9
91,Bures-sur-Yvette,913,magasin_d_optique,2
91,Juvisy-sur-Orge,913,magasin_d_optique,4
93,Le Blanc-Mesnil,932,magasin_d_optique,6
95,Montigny-lès-Cormeilles,951,magasin_d_optique,4
77,Mareuil-lès-Meaux,771,magasin_d_optique,2
95,Pontoise,953,magasin_d_optique,5
77,Moissy-Cramayel,772,magasin_d_optique,1
78,Vaux-sur-Seine,781,magasin_d_optique,1
77,Bailly-Romainvilliers,775,magasin_d_optique,2
93,Les Pavillons-sous-Bois,931,magasin_d_optique,4
91,Breuillet,911,magasin_d_optique,2
77,Fontainebleau,774,magasin_d_optique,6
75,Paris 3e Arrondissement,751,magasin_d_optique,27
94,Boissy-Saint-Léger,941,magasin_d_optique,3
77,Rozay-en-Brie,773,magasin_d_optique,1
78,Saint-Arnoult-en-Yvelines,782,magasin_d_optique,1
95,Herblay,951,magasin_d_optique,3
95,Beaumont-sur-Oise,953,magasin_d_optique,1
95,Villaines-sous-Bois,952,magasin_d_optique,1
75,Paris 1er Arrondissement,751,magasin_d_optique,31
78,Vélizy-Villacoublay,784,magasin_d_optique,9
93,Sevran,932,magasin_d_optique,6
91,Saint-Germain-lès-Corbeil,912,magasin_d_optique,1
95,Fosses,952,magasin_d_optique,2
95,Marines,953,magasin_d_optique,2
77,Fontenay-Trésigny,773,magasin_d_optique,1
77,Saint-Soupplets,771,magasin_d_optique,2
91,Quincy-sous-Sénart,912,magasin_d_optique,1
94,Charenton-le-Pont,941,magasin_d_optique,13
91,Ballancourt-sur-Essonne,912,magasin_d_optique,1
78,Beynes,782,magasin_d_optique,1
77,Esbly,771,magasin_d_optique,1
92,Montrouge,921,magasin_d_optique,10
94,Villejuif,943,magasin_d_optique,8
94,L'Haÿ-les-Roses,943,magasin_d_optique,4
93,Drancy,931,magasin_d_optique,10
91,Étréchy,911,magasin_d_optique,1
94,Villiers-sur-Marne,942,magasin_d_optique,4
78,Rambouillet,782,magasin_d_optique,8
92,Neuilly-sur-Seine,922,magasin_d_optique,25
92,Clamart,921,magasin_d_optique,9
77,Bussy-Saint-Georges,775,magasin_d_optique,3
77,Gretz-Armainvilliers,772,magasin_d_optique,2
77,Lizy-sur-Ourcq,771,magasin_d_optique,1
91,Marcoussis,913,magasin_d_optique,2
94,Vincennes,942,magasin_d_optique,18
77,Cesson,772,magasin_d_optique,5
77,Chaumes-en-Brie,772,magasin_d_optique,1
78,La Queue-les-Yvelines,782,magasin_d_optique,2
77,Thomery,774,magasin_d_optique,1
91,Morigny-Champigny,911,magasin_d_optique,1
95,Ézanville,952,magasin_d_optique,1
93,Aubervilliers,933,magasin_d_optique,14
93,Saint-Ouen,933,magasin_d_optique,5
75,Paris 16e Arrondissement,751,magasin_d_optique,69
91,Longjumeau,913,magasin_d_optique,7
77,Souppes-sur-Loing,774,magasin_d_optique,2
78,Les Mureaux,781,magasin_d_optique,5
91,Gometz-le-Châtel,913,magasin_d_optique,1
91,Limours,913,magasin_d_optique,2
91,Orsay,913,magasin_d_optique,4
78,Viroflay,784,magasin_d_optique,4
75,Paris 17e Arrondissement,751,magasin_d_optique,73
92,Bourg-la-Reine,921,magasin_d_optique,3
93,Le Raincy,932,magasin_d_optique,10
92,Châtillon,921,magasin_d_optique,4
94,Arcueil,943,magasin_d_optique,8
78,Conflans-Sainte-Honorine,783,magasin_d_optique,7
95,Cergy,953,magasin_d_optique,14
77,Claye-Souilly,775,magasin_d_optique,7
78,Achères,783,magasin_d_optique,5
78,Les Clayes-sous-Bois,784,magasin_d_optique,3
93,Noisy-le-Sec,931,magasin_d_optique,5
92,Sceaux,921,magasin_d_optique,9
77,Pringy,772,magasin_d_optique,1
95,Arronville,953,magasin_d_optique,1
77,Saint-Fargeau-Ponthierry,772,magasin_d_optique,2
93,Bagnolet,931,magasin_d_optique,5
78,Noisy-le-Roi,783,magasin_d_optique,2
92,Rueil-Malmaison,922,magasin_d_optique,19
77,Combs-la-Ville,772,magasin_d_optique,3
94,Saint-Maur-des-Fossés,941,magasin_d_optique,19
78,Saint-Germain-en-Laye,783,magasin_d_optique,17
77,Saint-Germain-sur-Morin,771,magasin_d_optique,1
93,Villepinte,932,magasin_d_optique,4
95,Jouy-le-Moutier,953,magasin_d_optique,1
75,Paris 20e Arrondissement,751,magasin_d_optique,50
78,Maurepas,782,magasin_d_optique,7
93,Dugny,931,magasin_d_optique,1
91,Leuville-sur-Orge,913,magasin_d_optique,1
78,Montfort-l'Amaury,782,magasin_d_optique,2
95,L'Isle-Adam,953,magasin_d_optique,7
95,Magny-en-Vexin,953,magasin_d_optique,3
75,Paris 5e Arrondissement,751,magasin_d_optique,29
78,Maisons-Laffitte,783,magasin_d_optique,7
93,Gagny,932,magasin_d_optique,4
77,Mormant,772,magasin_d_optique,1
91,Lisses,912,magasin_d_optique,1
91,La Norville,913,magasin_d_optique,2
95,Vauréal,953,magasin_d_optique,2
95,Montmagny,952,magasin_d_optique,1
77,Lésigny,772,magasin_d_optique,1
91,Saulx-les-Chartreux,913,magasin_d_optique,1
95,Taverny,953,magasin_d_optique,4
78,Orgeval,783,magasin_d_optique,4
78,Montigny-le-Bretonneux,784,magasin_d_optique,15
78,Saint-Nom-la-Bretèche,783,magasin_d_optique,1
77,Ozoir-la-Ferrière,775,magasin_d_optique,3
91,Corbeil-Essonnes,912,magasin_d_optique,10
75,Paris 18e Arrondissement,751,magasin_d_optique,61
95,Groslay,952,magasin_d_optique,2
95,Garges-lès-Gonesse,952,magasin_d_optique,5
91,Longpont-sur-Orge,913,magasin_d_optique,1
77,Meaux,771,magasin_d_optique,12
92,Clichy,922,magasin_d_optique,9
94,Villeneuve-Saint-Georges,941,magasin_d_optique,3
94,Le Perreux-sur-Marne,942,magasin_d_optique,5
91,Wissous,913,magasin_d_optique,2
78,Houilles,783,magasin_d_optique,5
92,Issy-les-Moulineaux,923,magasin_d_optique,15
77,La Ferté-Gaucher,773,magasin_d_optique,1
78,Carrières-sur-Seine,783,magasin_d_optique,1
95,Luzarches,952,magasin_d_optique,2
92,Malakoff,921,magasin_d_optique,9
94,Sucy-en-Brie,941,magasin_d_optique,5
75,Paris 6e Arrondissement,751,magasin_d_optique,44
77,Coulommiers,771,magasin_d_optique,8
77,Le Châtelet-en-Brie,772,magasin_d_optique,1
95,Enghien-les-Bains,952,magasin_d_optique,7
91,Itteville,911,magasin_d_optique,1
94,Saint-Maurice,941,magasin_d_optique,3
77,Noisiel,775,magasin_d_optique,2
93,Villetaneuse,933,magasin_d_optique,5
95,Montmorency,952,magasin_d_optique,6
91,Dourdan,911,magasin_d_optique,4
95,Roissy-en-France,952,magasin_d_optique,3
78,Mantes-la-Jolie,781,magasin_d_optique,12
95,Moisselles,952,magasin_d_optique,4
93,Bondy,931,magasin_d_optique,8
91,Athis-Mons,913,magasin_d_optique,3
78,Croissy-sur-Seine,783,magasin_d_optique,2
95,Franconville,953,magasin_d_optique,6
91,Évry,912,magasin_d_optique,9
77,Mitry-Mory,771,magasin_d_optique,3
94,Villeneuve-le-Roi,941,magasin_d_optique,3
75,Paris 8e Arrondissement,751,magasin_d_optique,91
77,Lieusaint,772,magasin_d_optique,5
95,Parmain,953,magasin_d_optique,1
91,Morsang-sur-Orge,912,magasin_d_optique,3
91,Angerville,911,magasin_d_optique,1
93,Les Lilas,931,magasin_d_optique,4
75,Paris 14e Arrondissement,751,magasin_d_optique,42
75,Paris 11e Arrondissement,751,magasin_d_optique,61
95,Méry-sur-Oise,953,magasin_d_optique,2
91,Villebon-sur-Yvette,913,magasin_d_optique,5
94,Champigny-sur-Marne,942,magasin_d_optique,10
94,Fontenay-sous-Bois,942,magasin_d_optique,7
75,Paris 15e Arrondissement,751,magasin_d_optique,70
77,Serris,775,magasin_d_optique,4
78,Houdan,781,magasin_d_optique,3
78,Gargenville,781,magasin_d_optique,1
95,Soisy-sous-Montmorency,952,magasin_d_optique,3
78,Maule,781,magasin_d_optique,2
78,Bois-d'Arcy,784,magasin_d_optique,2
78,Élancourt,782,magasin_d_optique,5
77,Varennes-sur-Seine,773,magasin_d_optique,2
78,Meulan-en-Yvelines,781,magasin_d_optique,2
91,Étampes,911,magasin_d_optique,7
78,Magny-les-Hameaux,782,magasin_d_optique,1
77,Le Mée-sur-Seine,772,magasin_d_optique,1
92,La Garenne-Colombes,922,magasin_d_optique,5
93,Rosny-sous-Bois,931,magasin_d_optique,11
77,Villiers-en-Bière,772,magasin_d_optique,4
95,Menucourt,953,magasin_d_optique,1
93,Neuilly-Plaisance,932,magasin_d_optique,4
93,Le Pré-Saint-Gervais,931,magasin_d_optique,2
94,Créteil,941,magasin_d_optique,20
92,Levallois-Perret,922,magasin_d_optique,26
77,Nanteuil-lès-Meaux,771,magasin_d_optique,1
93,Clichy-sous-Bois,932,magasin_d_optique,1
95,Viarmes,952,magasin_d_optique,2
78,Bazainville,781,magasin_d_optique,2
95,Arnouville,952,magasin_d_optique,5
78,La Celle-Saint-Cloud,783,magasin_d_optique,3
77,Montereau-Fault-Yonne,773,magasin_d_optique,5
78,Chambourcy,783,magasin_d_optique,2
91,Palaiseau,913,magasin_d_optique,6
78,Villepreux,783,magasin_d_optique,1
95,Sarcelles,952,magasin_d_optique,19
77,Vaux-le-Pénil,772,magasin_d_optique,1
95,Villiers-le-Bel,952,magasin_d_optique,1
93,Aulnay-sous-Bois,932,magasin_d_optique,19
91,La Ville-du-Bois,913,magasin_d_optique,5
91,Verrières-le-Buisson,913,magasin_d_optique,3
91,Draveil,912,magasin_d_optique,4
78,Bougival,783,magasin_d_optique,1
92,Villeneuve-la-Garenne,922,magasin_d_optique,2
77,Othis,771,magasin_d_optique,2
94,Fresnes,943,magasin_d_optique,7
75,Paris 9e Arrondissement,751,magasin_d_optique,61
77,Pontault-Combault,775,magasin_d_optique,6
78,Flins-sur-Seine,781,magasin_d_optique,5
78,Montesson,783,magasin_d_optique,4
94,Ivry-sur-Seine,941,magasin_d_optique,5
95,Chaumontel,952,magasin_d_optique,1
77,Moret-sur-Loing,774,magasin_d_optique,1
78,Les Essarts-le-Roi,782,magasin_d_optique,1
91,Saint-Michel-sur-Orge,913,magasin_d_optique,4
95,Domont,952,magasin_d_optique,3
91,Boussy-Saint-Antoine,912,magasin_d_optique,3
92,Châtenay-Malabry,921,magasin_d_optique,3
93,Bobigny,931,magasin_d_optique,4
95,Bezons,951,magasin_d_optique,4
95,Goussainville,952,magasin_d_optique,5
78,Sartrouville,783,magasin_d_optique,12
95,Ermont,953,magasin_d_optique,7
95,Saint-Brice-sous-Forêt,952,magasin_d_optique,9
93,Noisy-le-Grand,932,magasin_d_optique,8
78,Verneuil-sur-Seine,783,magasin_d_optique,2
95,Sannois,951,magasin_d_optique,4
92,Meudon,923,magasin_d_optique,6
91,Vigneux-sur-Seine,912,magasin_d_optique,3
95,Saint-Leu-la-Forêt,953,magasin_d_optique,2
94,Saint-Mandé,942,magasin_d_optique,8
77,Émerainville,775,magasin_d_optique,1
95,Mériel,953,magasin_d_optique,1
78,Fontenay-le-Fleury,784,magasin_d_optique,2
94,Vitry-sur-Seine,941,magasin_d_optique,10
95,Montsoult,952,magasin_d_optique,1
92,Colombes,922,magasin_d_optique,10
94,Rungis,943,magasin_d_optique,1
78,Trappes,784,magasin_d_optique,4
93,Montfermeil,932,magasin_d_optique,3
77,Crécy-la-Chapelle,771,magasin_d_optique,2
78,Andrésy,783,magasin_d_optique,2
78,Chatou,783,magasin_d_optique,5
77,Rubelles,772,magasin_d_optique,1
77,Chanteloup-en-Brie,775,magasin_d_optique,1
78,Triel-sur-Seine,783,magasin_d_optique,2
91,Saint-Pierre-du-Perray,912,magasin_d_optique,1
91,Villabé,912,magasin_d_optique,3
78,Vernouillet,783,magasin_d_optique,2
95,Saint-Prix,953,magasin_d_optique,1
78,Buc,784,magasin_d_optique,1
91,Brunoy,912,magasin_d_optique,7
92,Nanterre,922,magasin_d_optique,14
77,Pomponne,775,magasin_d_optique,1
77,Tournan-en-Brie,772,magasin_d_optique,2
78,Morainvilliers,783,magasin_d_optique,1
78,Versailles,784,magasin_d_optique,23
91,Morangis,913,magasin_d_optique,2
77,Faremoutiers,771,magasin_d_optique,1
92,Garches,922,magasin_d_optique,3
95,Éragny,953,magasin_d_optique,2
77,La Ferté-sous-Jouarre,771,magasin_d_optique,4
78,Jouy-en-Josas,784,magasin_d_optique,1
77,Melun,772,magasin_d_optique,16
91,Saint-Chéron,911,magasin_d_optique,1
77,Favières,772,magasin_d_optique,1
91,Ormoy,912,magasin_d_optique,1
95,Gonesse,952,magasin_d_optique,4
92,Chaville,923,magasin_d_optique,2
93,Montreuil,931,magasin_d_optique,19
95,Beauchamp,953,magasin_d_optique,3
77,Provins,773,magasin_d_optique,5
94,Choisy-le-Roi,941,magasin_d_optique,4
78,Voisins-le-Bretonneux,782,magasin_d_optique,1
94,Villecresnes,941,magasin_d_optique,2
77,Avon,774,magasin_d_optique,3
95,Osny,953,magasin_d_optique,7
78,Guyancourt,784,magasin_d_optique,4
92,Fontenay-aux-Roses,921,magasin_d_optique,3
77,Trilport,771,magasin_d_optique,1
93,Stains,933,magasin_d_optique,3
92,Vaucresson,923,magasin_d_optique,2
95,Cormeilles-en-Parisis,951,magasin_d_optique,3
91,Brétigny-sur-Orge,913,magasin_d_optique,6
94,Nogent-sur-Marne,942,magasin_d_optique,8
78,Jouars-Pontchartrain,782,magasin_d_optique,2
78,Thiverval-Grignon,784,magasin_d_optique,1
91,Gif-sur-Yvette,913,magasin_d_optique,5
94,Bonneuil-sur-Marne,941,magasin_d_optique,6
92,Puteaux,922,magasin_d_optique,17
75,Paris 2e Arrondissement,751,magasin_d_optique,31
91,Igny,913,magasin_d_optique,2
77,Champagne-sur-Seine,774,magasin_d_optique,1
77,Savigny-le-Temple,772,magasin_d_optique,1
78,Le Vésinet,783,magasin_d_optique,6
78,Mantes-la-Ville,781,magasin_d_optique,1
91,Étiolles,912,magasin_d_optique,1
91,Ris-Orangis,912,magasin_d_optique,3
94,Joinville-le-Pont,942,magasin_d_optique,3
93,La Courneuve,933,magasin_d_optique,4
77,Nangis,773,magasin_d_optique,3
92,Sèvres,923,magasin_d_optique,6
93,Saint-Denis,933,magasin_d_optique,15
95,Saint-Witz,952,magasin_d_optique,1
93,Tremblay-en-France,932,magasin_d_optique,5
95,Auvers-sur-Oise,953,magasin_d_optique,1
77,La Chapelle-la-Reine,774,magasin_d_optique,1
77,Le Vaudoué,774,magasin_d_optique,1
94,Chevilly-Larue,943,magasin_d_optique,2
95,Eaubonne,953,magasin_d_optique,4
77,Brie-Comte-Robert,772,magasin_d_optique,7
91,Les Ulis,913,magasin_d_optique,5
93,Pierrefitte-sur-Seine,933,magasin_d_optique,3
91,Gometz-la-Ville,913,magasin_d_optique,1
93,Épinay-sur-Seine,933,magasin_d_optique,5
91,Montlhéry,913,magasin_d_optique,2
77,Vulaines-sur-Seine,774,magasin_d_optique,1
91,Bièvres,913,magasin_d_optique,1
77,Villeparisis,775,magasin_d_optique,5
75,Paris 7e Arrondissement,751,magasin_d_optique,33
92,Vanves,921,magasin_d_optique,5
91,Chilly-Mazarin,913,magasin_d_optique,3
77,Saint-Pierre-lès-Nemours,774,magasin_d_optique,1
91,Yerres,912,magasin_d_optique,4
94,Marolles-en-Brie,941,magasin_d_optique,1
77,Nemours,774,magasin_d_optique,5
92,Courbevoie,922,magasin_d_optique,17
91,Sainte-Geneviève-des-Bois,913,magasin_d_optique,9
75,Paris 12e Arrondissement,751,magasin_d_optique,57
95,Deuil-la-Barre,952,magasin_d_optique,4
77,Vert-Saint-Denis,772,magasin_d_optique,1
77,Bray-sur-Seine,773,magasin_d_optique,1
78,Villennes-sur-Seine,783,magasin_d_optique,1
95,Argenteuil,951,magasin_d_optique,22
75,Paris 19e Arrondissement,751,magasin_d_optique,54
78,Limay,781,magasin_d_optique,3
94,Orly,941,magasin_d_optique,7
94,Le Kremlin-Bicêtre,943,magasin_d_optique,6
93,L'Île-Saint-Denis,933,magasin_d_optique,1
91,Viry-Châtillon,912,magasin_d_optique,6
78,Aubergenville,781,magasin_d_optique,1
95,Louvres,952,magasin_d_optique,2
78,Bréval,781,magasin_d_optique,1
92,Le Plessis-Robinson,921,magasin_d_optique,5
91,Massy,913,magasin_d_optique,9
78,Le Chesnay,784,magasin_d_optique,6
78,Buchelay,781,magasin_d_optique,1
95,Persan,953,magasin_d_optique,2
93,Romainville,931,magasin_d_optique,3
91,Courcouronnes,912,magasin_d_optique,1
92,Ville-d'Avray,923,magasin_d_optique,2
94,Chennevières-sur-Marne,942,magasin_d_optique,2
92,Suresnes,922,magasin_d_optique,8
94,Ormesson-sur-Marne,942,magasin_d_optique,2
91,Bondoufle,912,magasin_d_optique,2
91,Grigny,912,magasin_d_optique,2
94,Limeil-Brévannes,941,magasin_d_optique,3
77,Saint-Pathus,771,magasin_d_optique,1
92,Antony,921,magasin_d_optique,12
77,Dammartin-en-Goële,771,magasin_d_optique,2
77,Roissy-en-Brie,775,magasin_d_optique,2
78,Plaisir,784,magasin_d_optique,7
77,Guignes,772,magasin_d_optique,1
94,Le Plessis-Trévise,942,magasin_d_optique,4
77,Chelles,775,magasin_d_optique,12
91,Milly-la-Forêt,912,magasin_d_optique,1
78,Le Mesnil-Saint-Denis,782,magasin_d_optique,1
78,Le Pecq,783,magasin_d_optique,1
95,Saint-Gratien,952,magasin_d_optique,4
93,Pantin,931,magasin_d_optique,8
94,Gentilly,943,magasin_d_optique,2
92,Gennevilliers,922,magasin_d_optique,10
92,Saint-Cloud,923,magasin_d_optique,7
93,Le Bourget,931,magasin_d_optique,3
92,Asnières-sur-Seine,922,magasin_d_optique,24
92,Bagneux,921,magasin_d_optique,4
94,Thiais,943,magasin_d_optique,8
77,Chartrettes,772,magasin_d_optique,1
91,Mennecy,912,magasin_d_optique,2
94,Maisons-Alfort,941,magasin_d_optique,9
95,Saint-Ouen-l'Aumône,953,magasin_d_optique,2
91,Arpajon,913,magasin_d_optique,5
77,Dammarie-les-Lys,772,magasin_d_optique,2
94,Alfortville,941,magasin_d_optique,6
77,Lognes,775,magasin_d_optique,1
75,Paris 4e Arrondissement,751,magasin_d_optique,36
75,Paris 13e Arrondissement,751,magasin_d_optique,46
91,Montgeron,912,magasin_d_optique,6
78,Chevreuse,782,magasin_d_optique,1
78,Marly-le-Roi,783,magasin_d_optique,2
75,Paris 10e Arrondissement,751,magasin_d_optique,40
91,Soisy-sur-Seine,912,magasin_d_optique,1
93,Livry-Gargan,932,magasin_d_optique,6
77,Champs-sur-Marne,775,magasin_d_optique,3
94,Bry-sur-Marne,942,magasin_d_optique,3
91,Épinay-sur-Orge,913,magasin_d_optique,3
